farm_id,theta_energy_hist,theta_freq_hist,theta_energy_mean,n_years,era5_wind_dir,source_type,bird_dir,concentration
0,,,270.4777777777778,11,270.4777777777778,yearly_mean,90.47777777777782,0.2
1,,,311.375,11,311.375,yearly_mean,131.375,0.2
2,,,315.9166666666667,11,315.9166666666667,yearly_mean,135.91666666666669,0.2
3,,,173.66363636363636,11,173.66363636363636,yearly_mean,353.66363636363633,0.2
4,146.2,180.9,154.87272727272727,11,146.2,hist_energy,326.2,0.2
5,183.5,182.1,181.78181818181818,11,183.5,hist_energy,3.5,0.2
6,,,86.0,11,86.0,yearly_mean,266.0,0.2
7,,,67.96363636363637,11,67.96363636363637,yearly_mean,247.96363636363637,0.2
8,82.4,175.8,93.2090909090909,11,82.4,hist_energy,262.4,0.2
9,,,115.7909090909091,11,115.7909090909091,yearly_mean,295.7909090909091,0.2
10,,,57.6,11,57.6,yearly_mean,237.6,0.2
11,,,301.9,11,301.9,yearly_mean,121.89999999999998,0.2
12,,,154.0,11,154.0,yearly_mean,334.0,0.2
13,,,39.5,11,39.5,yearly_mean,219.5,0.2
14,,,61.75,11,61.75,yearly_mean,241.75,0.2
15,,,286.71999999999997,11,286.71999999999997,yearly_mean,106.71999999999997,0.2
16,,,286.4666666666667,11,286.4666666666667,yearly_mean,106.4666666666667,0.2
17,,,317.1,11,317.1,yearly_mean,137.10000000000002,0.2
18,,,320.8,11,320.8,yearly_mean,140.8,0.2
19,,,54.8,11,54.8,yearly_mean,234.8,0.2
20,,,55.56363636363637,11,55.56363636363637,yearly_mean,235.56363636363636,0.2
21,,,70.04444444444444,11,70.04444444444444,yearly_mean,250.04444444444442,0.2
22,,,60.618181818181824,11,60.618181818181824,yearly_mean,240.61818181818182,0.2
23,,,79.44545454545454,11,79.44545454545454,yearly_mean,259.44545454545454,0.2
24,,,84.0,11,84.0,yearly_mean,264.0,0.2
25,,,80.32000000000001,11,80.32000000000001,yearly_mean,260.32,0.2
26,,,80.4090909090909,11,80.4090909090909,yearly_mean,260.4090909090909,0.2
27,,,75.78999999999999,11,75.78999999999999,yearly_mean,255.79,0.2
28,65.5,84.9,63.90909090909091,11,65.5,hist_energy,245.5,0.2
29,,,73.06363636363636,11,73.06363636363636,yearly_mean,253.06363636363636,0.2
30,,,93.48,11,93.48,yearly_mean,273.48,0.2
31,,,85.42727272727272,11,85.42727272727272,yearly_mean,265.42727272727274,0.2
32,,,96.7,11,96.7,yearly_mean,276.7,0.2
33,90.9,92.2,94.61666666666667,11,90.9,hist_energy,270.9,0.2
34,,,83.56363636363636,11,83.56363636363636,yearly_mean,263.56363636363636,0.2
35,79.4,78.2,80.54285714285713,11,79.4,hist_energy,259.4,0.2
36,,,92.66666666666667,11,92.66666666666667,yearly_mean,272.6666666666667,0.2
37,70.2,70.7,83.41666666666667,11,70.2,hist_energy,250.2,0.2
38,,,85.56666666666666,11,85.56666666666666,yearly_mean,265.56666666666666,0.2
39,,,234.63333333333333,11,234.63333333333333,yearly_mean,54.633333333333326,0.2
40,8.4,57.8,102.45454545454545,11,8.4,hist_energy,188.4,0.2
41,,,5.625,11,5.625,yearly_mean,185.625,0.2
42,,,3.6999999999999997,11,3.6999999999999997,yearly_mean,183.7,0.2
43,,,65.78333333333333,11,65.78333333333333,yearly_mean,245.78333333333333,0.2
44,,,12.139999999999999,11,12.139999999999999,yearly_mean,192.14,0.2
45,,,32.8625,11,32.8625,yearly_mean,212.8625,0.2
46,,,36.1875,11,36.1875,yearly_mean,216.1875,0.2
47,33.1,33.4,32.85454545454545,11,33.1,hist_energy,213.1,0.2
48,32.3,33.7,31.918181818181814,11,32.3,hist_energy,212.3,0.2
49,,,32.355555555555554,11,32.355555555555554,yearly_mean,212.35555555555555,0.2
50,32.9,35.6,32.08181818181818,11,32.9,hist_energy,212.9,0.2
51,33.3,38.5,32.63636363636363,11,33.3,hist_energy,213.3,0.2
52,,,32.48181818181819,11,32.48181818181819,yearly_mean,212.4818181818182,0.2
53,43.5,29.2,43.01111111111111,11,43.5,hist_energy,223.5,0.2
54,28.2,24.2,27.579999999999995,11,28.2,hist_energy,208.2,0.2
55,,,17.51666666666667,11,17.51666666666667,yearly_mean,197.51666666666668,0.2
56,37.5,49.1,37.199999999999996,11,37.5,hist_energy,217.5,0.2
57,,,15.133333333333333,11,15.133333333333333,yearly_mean,195.13333333333333,0.2
58,,,56.0,11,56.0,yearly_mean,236.0,0.2
59,,,59.5,11,59.5,yearly_mean,239.5,0.2
60,,,59.575,11,59.575,yearly_mean,239.575,0.2
61,,,57.5,11,57.5,yearly_mean,237.5,0.2
62,,,70.88,11,70.88,yearly_mean,250.88,0.2
63,,,71.39090909090909,11,71.39090909090909,yearly_mean,251.39090909090908,0.2
64,81.0,98.1,65.28333333333332,11,81.0,hist_energy,261.0,0.2
65,,,64.56666666666666,11,64.56666666666666,yearly_mean,244.56666666666666,0.2
66,,,30.85,11,30.85,yearly_mean,210.85,0.2
67,,,72.35714285714286,11,72.35714285714286,yearly_mean,252.35714285714286,0.2
68,,,76.86666666666666,11,76.86666666666666,yearly_mean,256.8666666666667,0.2
69,88.7,103.2,91.66,11,88.7,hist_energy,268.7,0.2
70,88.8,107.1,88.41428571428571,11,88.8,hist_energy,268.8,0.2
71,,,88.91999999999999,11,88.91999999999999,yearly_mean,268.91999999999996,0.2
72,,,87.4,11,87.4,yearly_mean,267.4,0.2
73,,,83.7,11,83.7,yearly_mean,263.7,0.2
74,,,87.8,11,87.8,yearly_mean,267.8,0.2
75,103.5,150.4,105.22,11,103.5,hist_energy,283.5,0.2
76,,,94.88333333333334,11,94.88333333333334,yearly_mean,274.8833333333333,0.2
77,88.5,141.3,88.24000000000001,11,88.5,hist_energy,268.5,0.2
78,,,84.98333333333333,11,84.98333333333333,yearly_mean,264.98333333333335,0.2
79,78.8,126.1,78.25,11,78.8,hist_energy,258.8,0.2
80,93.6,149.9,91.18181818181819,11,93.6,hist_energy,273.6,0.2
81,,,84.8,11,84.8,yearly_mean,264.8,0.2
82,92.6,146.9,89.45,11,92.6,hist_energy,272.6,0.2
83,,,83.42,11,83.42,yearly_mean,263.42,0.2
84,,,79.075,11,79.075,yearly_mean,259.075,0.2
85,80.4,140.2,79.08,11,80.4,hist_energy,260.4,0.2
86,59.6,97.2,55.56363636363637,11,59.6,hist_energy,239.6,0.2
87,,,79.9,11,79.9,yearly_mean,259.9,0.2
88,,,277.0,11,277.0,yearly_mean,97.0,0.2
89,,,78.44545454545455,11,78.44545454545455,yearly_mean,258.44545454545454,0.2
90,,,60.654545454545456,11,60.654545454545456,yearly_mean,240.65454545454546,0.2
91,68.6,94.0,66.32727272727273,11,68.6,hist_energy,248.6,0.2
92,72.6,81.6,79.68181818181817,11,72.6,hist_energy,252.6,0.2
93,231.4,228.2,232.54545454545453,11,231.4,hist_energy,51.39999999999998,0.2
94,78.3,140.1,64.38181818181818,11,78.3,hist_energy,258.3,0.2
95,250.3,244.5,247.81818181818178,11,250.3,hist_energy,70.30000000000001,0.2
96,,,230.55454545454543,11,230.55454545454543,yearly_mean,50.554545454545405,0.2
97,,,70.06363636363636,11,70.06363636363636,yearly_mean,250.06363636363636,0.2
98,,,53.654545454545456,11,53.654545454545456,yearly_mean,233.65454545454546,0.2
99,,,235.0545454545455,11,235.0545454545455,yearly_mean,55.05454545454552,0.2
100,,,234.3090909090909,11,234.3090909090909,yearly_mean,54.30909090909091,0.2
101,,,31.89090909090909,11,31.89090909090909,yearly_mean,211.89090909090908,0.2
102,,,232.4,11,232.4,yearly_mean,52.39999999999998,0.2
103,10.6,48.1,41.06363636363636,11,10.6,hist_energy,190.6,0.2
104,75.2,81.7,80.45454545454547,11,75.2,hist_energy,255.2,0.2
105,,,9.745454545454546,11,9.745454545454546,yearly_mean,189.74545454545455,0.2
106,109.0,167.9,108.52727272727272,11,109.0,hist_energy,289.0,0.2
107,87.2,141.8,85.88181818181819,11,87.2,hist_energy,267.2,0.2
108,90.7,137.0,64.38181818181818,11,90.7,hist_energy,270.7,0.2
109,,,66.61818181818182,11,66.61818181818182,yearly_mean,246.61818181818182,0.2
110,4.9,57.3,132.11818181818182,11,4.9,hist_energy,184.9,0.2
111,61.6,72.4,60.654545454545456,11,61.6,hist_energy,241.6,0.2
112,90.8,139.5,89.70909090909092,11,90.8,hist_energy,270.8,0.2
113,,,237.28181818181818,11,237.28181818181818,yearly_mean,57.28181818181815,0.2
114,299.1,276.0,300.00000000000006,11,299.1,hist_energy,119.10000000000002,0.2
115,95.0,139.8,94.98181818181818,11,95.0,hist_energy,275.0,0.2
116,,,231.6181818181818,11,231.6181818181818,yearly_mean,51.618181818181824,0.2
117,263.4,265.4,262.58181818181816,11,263.4,hist_energy,83.39999999999998,0.2
118,84.5,80.8,88.7909090909091,11,84.5,hist_energy,264.5,0.2
119,14.1,35.9,13.554545454545456,11,14.1,hist_energy,194.1,0.2
120,94.9,106.2,93.56363636363636,11,94.9,hist_energy,274.9,0.2
121,,,239.0818181818182,11,239.0818181818182,yearly_mean,59.08181818181822,0.2
122,,,230.60909090909092,11,230.60909090909092,yearly_mean,50.609090909090924,0.2
123,,,235.93636363636367,11,235.93636363636367,yearly_mean,55.936363636363694,0.2
124,,,32.82727272727273,11,32.82727272727273,yearly_mean,212.8272727272727,0.2
125,38.2,49.7,37.97272727272727,11,38.2,hist_energy,218.2,0.2
126,81.0,133.4,80.14545454545454,11,81.0,hist_energy,261.0,0.2
127,249.4,243.6,247.81818181818178,11,249.4,hist_energy,69.39999999999998,0.2
128,,,234.4454545454545,11,234.4454545454545,yearly_mean,54.44545454545448,0.2
129,234.5,240.2,235.84545454545457,11,234.5,hist_energy,54.5,0.2
130,91.6,145.1,91.18181818181819,11,91.6,hist_energy,271.6,0.2
131,,,60.618181818181824,11,60.618181818181824,yearly_mean,240.61818181818182,0.2
132,112.6,187.6,119.87272727272726,11,112.6,hist_energy,292.6,0.2
133,83.2,139.7,81.67272727272727,11,83.2,hist_energy,263.2,0.2
134,,,230.59090909090904,11,230.59090909090904,yearly_mean,50.59090909090901,0.2
135,275.5,252.9,271.4181818181818,11,275.5,hist_energy,95.5,0.2
136,249.5,248.4,250.05454545454543,11,249.5,hist_energy,69.5,0.2
137,,,246.8909090909091,11,246.8909090909091,yearly_mean,66.89090909090908,0.2
138,264.3,264.3,263.4545454545455,11,264.3,hist_energy,84.30000000000001,0.2
139,325.2,343.4,319.21818181818185,11,325.2,hist_energy,145.2,0.2
140,246.4,248.3,246.6909090909091,11,246.4,hist_energy,66.39999999999998,0.2
141,90.3,140.4,89.70909090909092,11,90.3,hist_energy,270.3,0.2
142,240.3,228.6,241.8,11,240.3,hist_energy,60.30000000000001,0.2
143,82.4,140.4,80.63636363636364,11,82.4,hist_energy,262.4,0.2
144,,,232.75454545454548,11,232.75454545454548,yearly_mean,52.75454545454545,0.2
145,269.6,244.0,268.8,11,269.6,hist_energy,89.60000000000002,0.2
146,,,263.78181818181815,11,263.78181818181815,yearly_mean,83.78181818181815,0.2
147,,,111.17272727272726,11,111.17272727272726,yearly_mean,291.17272727272723,0.2
148,,,227.27272727272728,11,227.27272727272728,yearly_mean,47.27272727272725,0.2
149,,,235.73636363636368,11,235.73636363636368,yearly_mean,55.73636363636365,0.2
150,213.0,226.4,213.5636363636364,11,213.0,hist_energy,33.0,0.2
151,332.5,349.0,330.59090909090907,11,332.5,hist_energy,152.5,0.2
152,,,250.8181818181818,11,250.8181818181818,yearly_mean,70.81818181818181,0.2
153,,,235.64545454545453,11,235.64545454545453,yearly_mean,55.64545454545453,0.2
154,,,234.89090909090908,11,234.89090909090908,yearly_mean,54.890909090909076,0.2
155,235.3,307.6,307.1727272727273,11,235.3,hist_energy,55.30000000000001,0.2
156,259.8,263.1,258.90000000000003,11,259.8,hist_energy,79.80000000000001,0.2
157,,,231.96363636363637,11,231.96363636363637,yearly_mean,51.9636363636364,0.2
158,,,221.56363636363633,11,221.56363636363633,yearly_mean,41.563636363636306,0.2
159,85.2,139.8,84.10909090909091,11,85.2,hist_energy,265.2,0.2
160,269.6,266.7,262.09999999999997,11,269.6,hist_energy,89.60000000000002,0.2
161,215.7,226.8,215.55454545454543,11,215.7,hist_energy,35.69999999999999,0.2
162,234.6,234.3,241.72727272727272,11,234.6,hist_energy,54.60000000000002,0.2
163,,,237.1454545454545,11,237.1454545454545,yearly_mean,57.14545454545453,0.2
164,211.3,224.3,219.92727272727276,11,211.3,hist_energy,31.30000000000001,0.2
165,,,115.7909090909091,11,115.7909090909091,yearly_mean,295.7909090909091,0.2
166,278.2,260.0,278.08181818181816,11,278.2,hist_energy,98.19999999999999,0.2
167,329.5,314.2,328.90000000000003,11,329.5,hist_energy,149.5,0.2
168,,,181.78181818181818,11,181.78181818181818,yearly_mean,1.7818181818181529,0.2
169,,,55.56363636363637,11,55.56363636363637,yearly_mean,235.56363636363636,0.2
170,305.6,335.4,295.09999999999997,11,305.6,hist_energy,125.60000000000002,0.2
