farm_id,country,centroid_lat,centroid_lon,n_turb,capacity_kW,data_radar,data_dist,all_radar,all_dist,group
0,China,32.8436,121.4239,928,9280000,deess,12870.274191920722,denhb,12506.621527278363,East Asia
1,China,33.462,121.1856,589,5890000,deess,12833.335519038008,denhb,12468.134811073809,East Asia
2,Belgium,51.6448,2.9165,572,5720000,nlhrw,249.81829981426543,bejab,54.33348409673322,Europe (direction data)
3,China,32.6831,121.8054,443,4430000,deess,12914.930585066464,denhb,12551.52898790889,East Asia
4,China,21.2977,111.564,364,3640000,deess,12081.192934689607,denhb,11758.154103801075,East Asia
5,United Kingdom,53.9099,1.7927,339,3390000,nlhrw,345.119533853562,bejab,334.5476157818197,Europe (direction data)
6,China,36.4678,121.5419,293,2930000,deess,12825.035717904664,denhb,12451.742892545302,East Asia
7,Netherlands,54.0049,6.5218,284,2840000,nlhrw,228.8886009596151,nlhrw,228.8886009596151,Europe (direction data)
8,China,20.9951,111.5761,278,2780000,deess,12091.815505586066,denhb,11769.718173893953,East Asia
9,United Kingdom,54.0305,-3.5107,267,2670000,nlhrw,924.7482197017412,frabb,734.086704969883,Europe (no direction data)
10,United Kingdom,58.1844,-2.8564,246,2460000,nlhrw,1024.9109389048003,bejab,1018.4444252381764,Europe (no direction data)
11,Germany,54.4594,7.6964,246,2460000,deess,349.0342944865451,denhb,344.644495414797,Europe (direction data)
12,China,22.6333,116.2218,244,2440000,deess,12540.28798276474,denhb,12208.994932408552,East Asia
13,United Kingdom,53.4442,-3.5741,215,2150000,nlhrw,925.6020678987543,frabb,703.6753793635598,Europe (no direction data)
14,China,39.4746,123.3788,189,1890000,deess,12989.003482081087,denhb,12607.443546118246,East Asia
15,Netherlands,52.3293,4.0757,182,1820000,nlhrw,101.7300908413041,nlhrw,101.7300908413041,Europe (direction data)
16,Netherlands,54.3337,5.9083,178,1780000,nlhrw,200.30147855215623,nlhrw,200.30147855215623,Europe (direction data)
17,United Kingdom,51.6283,1.4972,175,1750000,nlhrw,389.7285516257822,frabb,170.36452451238205,Europe (direction data)
18,Germany,54.0239,6.953,174,1740000,nlhrw,272.03992254338306,nlhrw,272.03992254338306,Europe (direction data)
19,China,34.2763,120.6226,171,1710000,deess,12757.823805974609,denhb,12390.69322978099,East Asia
20,Netherlands,54.4774,6.3397,167,1670000,nlhrw,244.70646352078649,nlhrw,244.70646352078649,Europe (direction data)
21,China,27.286,120.9217,162,1620000,deess,12928.748493139377,denhb,12580.594768231735,East Asia
22,Germany,54.5529,11.6189,161,1610000,deess,623.5103241871943,denhb,148.48927742439855,Europe (no direction data)
23,Netherlands,54.0433,6.1233,158,1580000,nlhrw,194.8439814502362,nlhrw,194.8439814502362,Europe (direction data)
24,China,32.5335,121.232,156,1560000,deess,12854.810973859796,denhb,12492.083274519355,East Asia
25,Sweden,55.0056,13.0559,152,1520000,deess,785.1908877620589,denhb,306.42056482320174,Europe (no direction data)
26,United Kingdom,51.9273,1.9623,140,1400000,nlhrw,329.6006005033668,bejab,148.3192857391784,Europe (direction data)
27,Denmark,55.6337,7.6098,138,1380000,nlhrw,435.32243913601513,denhb,408.7764513977411,Europe (direction data)
28,China,32.1239,122.1411,134,1340000,deess,12961.810973988195,denhb,12599.746700300715,East Asia
29,Sweden,54.8111,14.0932,131,1310000,deess,876.6581654473141,denhb,402.0084940414195,Europe (no direction data)
30,United Kingdom,53.1798,0.4738,129,1290000,nlhrw,475.34309155396375,bejab,363.7592866829382,Europe (direction data)
31,Netherlands,52.6531,4.2423,129,1290000,nlhrw,65.28356268541113,nlhrw,65.28356268541113,Europe (direction data)
32,China,21.4359,112.2209,128,1280000,deess,12147.07200239457,denhb,11822.976625522864,East Asia
33,China,20.1389,109.2031,128,1280000,deess,11866.550567193957,denhb,11549.573441095961,East Asia
34,China,25.1304,119.3921,125,1250000,deess,12815.006702928991,denhb,12473.969816583369,East Asia
35,China,20.5948,110.7555,120,1200000,deess,12016.94343800328,denhb,11696.919048755535,East Asia
36,United Kingdom,50.6703,-0.2781,117,1170000,nlhrw,612.8046688510951,frabb,241.5623636117596,Europe (no direction data)
37,China,30.6253,121.57,116,1160000,deess,12927.925668121274,denhb,12570.194468298763,East Asia
38,China,30.7484,121.983,115,1150000,deess,12970.614198948744,denhb,12612.332410393043,East Asia
39,Taiwan,23.9706,120.158,114,1140000,deess,12927.519264759329,denhb,12589.246844002368,East Asia
40,United Kingdom,56.5947,-1.6988,114,1140000,nlhrw,822.2310260925028,bejab,800.8973418854195,Europe (no direction data)
41,China,23.243,117.0232,113,1130000,deess,12609.386733212526,denhb,12275.628277599157,East Asia
42,Taiwan,24.1616,119.9117,111,1110000,deess,12895.96358284783,denhb,12557.325396536613,East Asia
43,Denmark,56.6015,11.2166,111,1110000,deess,745.3483771720512,denhb,338.44884405329265,Europe (no direction data)
44,China,38.2743,118.942,108,1080000,deess,12513.994866456565,denhb,12136.893354703307,East Asia
45,China,25.2524,119.5441,106,1060000,deess,12828.366082097866,denhb,12486.872806903935,East Asia
46,China,25.8097,119.9959,105,1050000,deess,12863.419048771322,denhb,12520.025911913077,East Asia
47,China,22.3059,114.9472,104,1040000,deess,12412.928244296856,denhb,12083.699663534286,East Asia
48,United Kingdom,52.2364,2.5034,102,1020000,nlhrw,261.6502519832916,bejab,133.06194250393344,Europe (direction data)
49,France,51.4309,1.632,101,1010000,nlhrw,384.9890436467122,frabb,146.06287551602546,Europe (direction data)
50,China,34.5055,120.3623,100,1000000,deess,12725.479688316758,denhb,12357.848330744164,East Asia
51,United Kingdom,53.2764,0.8416,92,920000,nlhrw,435.342615848621,bejab,339.6066635770272,Europe (direction data)
52,China,25.6651,119.7641,90,900000,deess,12841.886456872884,denhb,12499.063071799152,East Asia
53,United Kingdom,53.4775,0.8387,90,900000,nlhrw,438.08486787920435,bejab,355.49829027259744,Europe (direction data)
54,Netherlands,53.0019,5.2635,89,890000,nlhrw,57.2888904680479,nlhrw,57.2888904680479,Europe (direction data)
55,United Kingdom,53.1359,1.1474,88,880000,nlhrw,400.4206432090758,bejab,304.43023528876034,Europe (direction data)
56,Vietnam,21.3394,108.211,83,830000,deess,11722.661470039497,denhb,11402.808156330113,East Asia
57,Vietnam,9.2189,105.8099,82,820000,deess,11928.534849302307,denhb,11652.029002973757,East Asia
58,France,47.1594,-2.6062,81,810000,behel,990.0593637710821,frabb,592.6229062994446,Europe (no direction data)
59,Denmark,55.4865,7.8406,80,800000,nlhrw,443.8007187418806,denhb,378.39563986627786,Europe (direction data)
60,Denmark,55.141,7.1997,80,800000,nlhrw,364.8087418633081,nlhrw,364.8087418633081,Europe (direction data)
61,Denmark,55.0168,7.7741,80,800000,nlhrw,406.58200060879483,denhb,358.85077794683696,Europe (direction data)
62,Taiwan,23.5921,120.028,79,790000,deess,12923.46580452928,denhb,12586.371772251829,East Asia
63,China,38.9986,118.8044,75,750000,deess,12489.708825672747,denhb,12110.74947874572,East Asia
64,Vietnam,10.1591,106.8469,75,750000,deess,11994.271394281555,denhb,11713.09555962824,East Asia
65,Netherlands,54.0341,5.8848,75,750000,nlhrw,174.20437214906516,nlhrw,174.20437214906516,Europe (direction data)
66,China,30.462,121.4796,74,740000,deess,12921.300335098917,denhb,12564.061710197677,East Asia
67,United Kingdom,53.6443,0.2928,73,730000,nlhrw,500.7156275072009,bejab,412.1317194295169,Europe (no direction data)
68,Denmark,55.2017,6.8522,72,720000,nlhrw,341.934013270587,nlhrw,341.934013270587,Europe (direction data)
69,France,49.896,0.2344,71,710000,behel,589.6823507266942,frabb,179.00605445224474,Europe (no direction data)
70,China,36.427,121.2355,70,700000,deess,12791.89891675115,denhb,12418.826889222237,East Asia
71,Taiwan,24.7084,120.7773,69,690000,deess,12975.393436935768,denhb,12634.579579864532,East Asia
72,China,20.5798,110.6321,68,680000,deess,12004.287283905216,denhb,11684.433810591187,East Asia
73,United Kingdom,53.2671,1.3778,67,670000,nlhrw,375.96545927152664,bejab,298.24787551171255,Europe (direction data)
74,China,29.5814,122.2286,62,620000,deess,13020.917998850708,denhb,12665.67070221243,East Asia
75,France,48.857,-2.542,62,620000,behel,916.6926313945147,frabb,505.44521273131085,Europe (no direction data)
76,China,38.3074,118.5609,61,610000,deess,12471.552751762709,denhb,12094.494088257761,East Asia
77,China,20.1437,109.4282,61,610000,deess,11890.291315775848,denhb,11573.064097736196,East Asia
78,China,39.4769,123.2027,60,600000,deess,12969.532251850524,denhb,12588.016636341757,East Asia
79,China,37.8351,120.3113,60,600000,deess,12670.666675611892,denhb,12294.247963098667,East Asia
80,United Kingdom,54.1164,-3.8162,60,600000,nlhrw,959.6222610586937,frabb,767.1935810259362,Europe (no direction data)
81,China,25.4058,119.3996,59,590000,deess,12808.896637717311,denhb,12467.066355243074,East Asia
82,China,33.3213,121.5926,58,580000,deess,12880.39132235696,denhb,12515.381925610438,East Asia
83,United Kingdom,54.7534,-3.713,58,580000,nlhrw,960.4843569365199,frabb,801.206862112251,Europe (no direction data)
84,United Kingdom,53.4864,-3.2425,57,570000,nlhrw,889.1632202742138,frabb,675.1471979534612,Europe (no direction data)
85,China,28.9259,121.9986,56,560000,deess,13009.590193608527,denhb,12656.259678772523,East Asia
86,Vietnam,8.9219,105.3984,56,560000,deess,11899.561834913105,denhb,11624.677598100197,East Asia
87,United Kingdom,51.7743,1.9848,56,560000,nlhrw,333.5287085861279,bejab,137.33761939516043,Europe (direction data)
88,China,34.5028,120.0532,55,550000,deess,12691.58947347714,denhb,12324.099573162806,East Asia
89,China,30.9301,122.1242,55,550000,deess,12982.495931720976,denhb,12623.649931591404,East Asia
90,China,22.7327,116.1203,55,550000,deess,12526.585856491025,denhb,12195.080089573623,East Asia
91,China,21.901,113.4405,55,550000,deess,12263.444756355013,denhb,11936.782778854664,East Asia
92,China,30.4497,121.896,54,540000,deess,12967.014368326074,denhb,12609.587808603219,East Asia
93,United Kingdom,56.2642,-2.2434,51,510000,nlhrw,859.0250140881811,bejab,816.2939486809885,Europe (no direction data)
94,China,37.2621,119.4511,50,500000,deess,12583.639765388709,denhb,12209.030816306837,East Asia
95,Sweden,54.8305,13.8582,50,500000,deess,854.1637846141045,denhb,378.29812096055934,Europe (no direction data)
96,United Kingdom,51.7298,1.2299,50,500000,nlhrw,413.54006099536497,frabb,189.6599949806226,Europe (direction data)
97,China,22.12,113.7329,49,490000,deess,12288.274146575166,denhb,11960.67653032259,East Asia
98,China,34.6039,119.7916,48,480000,deess,12661.21411288065,denhb,12293.565992527807,East Asia
99,Sweden,55.5128,12.7808,48,480000,deess,790.2118025150471,denhb,315.36825864071966,Europe (no direction data)
100,Netherlands,52.747,5.5908,48,480000,nlhrw,96.01042130123172,nlhrw,96.01042130123172,Europe (direction data)
101,China,25.5817,119.6054,47,470000,deess,12826.777866554175,denhb,12484.301754464126,East Asia
102,United Kingdom,51.458,1.0879,45,450000,nlhrw,438.9350463241801,frabb,168.8622103006172,Europe (direction data)
103,China,29.0656,122.0286,41,410000,deess,13009.894610988966,denhb,12656.165047637762,East Asia
104,China,30.3864,121.6844,40,400000,deess,12945.172427493375,denhb,12588.03037627677,East Asia
105,China,28.8353,121.8575,40,400000,deess,12996.153487896761,denhb,12643.151853636069,East Asia
106,China,38.0237,119.2633,39,390000,deess,12552.677149918743,denhb,12176.125336596459,East Asia
107,Vietnam,9.0822,105.5854,39,390000,deess,11911.594747211391,denhb,11635.886759958867,East Asia
108,China,37.2428,119.6233,38,380000,deess,12602.871914176798,denhb,12228.251210844513,East Asia
109,China,32.3706,121.6844,38,380000,deess,12907.30586971666,denhb,12544.79956583102,East Asia
110,China,29.531,122.0568,38,380000,deess,13003.22465660161,denhb,12648.209313882186,East Asia
111,China,22.6779,115.9363,36,360000,deess,12508.381898682024,denhb,12177.193245931105,East Asia
112,Vietnam,9.6266,106.579,36,360000,deess,11989.526064765352,denhb,11710.514786958247,East Asia
113,Netherlands,52.607,4.4203,36,360000,nlhrw,52.809769739036255,nlhrw,52.809769739036255,Europe (direction data)
114,China,37.9135,121.8844,35,350000,deess,12843.042977558116,denhb,12465.89050087866,East Asia
115,Vietnam,9.9279,106.6985,35,350000,deess,11988.878096374232,denhb,11708.687382622862,East Asia
116,United Kingdom,53.8058,0.1494,35,350000,nlhrw,519.4267979167034,bejab,435.945063431162,Europe (no direction data)
117,United States of America,41.0531,-70.4351,33,330000,nlhrw,8449.379124660583,frabb,8084.454543600948,Americas
118,China,30.7438,121.7988,32,320000,deess,12950.580737441447,denhb,12592.40750792133,East Asia
119,China,28.1833,121.5002,32,320000,deess,12971.42308429297,denhb,12620.424384542088,East Asia
120,China,20.7161,110.5573,32,320000,deess,11992.023301236555,denhb,11671.810156911159,East Asia
121,Germany,53.6928,6.4755,30,300000,nlhrw,208.52354027996438,nlhrw,208.52354027996438,Europe (direction data)
122,United Kingdom,52.6458,1.7875,30,300000,nlhrw,330.5665707065522,bejab,216.1901578256745,Europe (direction data)
123,United Kingdom,53.9928,-3.2982,30,300000,nlhrw,900.8178659089083,frabb,712.6481737327894,Europe (no direction data)
124,China,25.2975,119.3727,29,290000,deess,12808.70140886602,denhb,12467.199872532417,East Asia
125,China,23.9216,118.2136,28,280000,deess,12719.16689935524,denhb,12382.48785045081,East Asia
126,Vietnam,9.5244,106.456,28,280000,deess,11981.333043915713,denhb,11702.84359539367,East Asia
127,Sweden,54.8185,13.657,27,270000,deess,833.624863299584,denhb,357.05563862127985,Europe (no direction data)
128,United Kingdom,54.6456,-1.0941,27,270000,nlhrw,675.4472141763337,frabb,597.1449676406643,Europe (no direction data)
129,United Kingdom,54.7288,1.7951,27,270000,nlhrw,382.83839575916346,nlhrw,382.83839575916346,Europe (direction data)
130,Vietnam,9.1406,105.7125,26,260000,deess,11922.008828036902,denhb,11645.912589707164,East Asia
131,China,34.4035,120.1958,25,250000,deess,12708.876057024188,denhb,12341.590825276404,East Asia
132,China,38.6684,118.0399,24,240000,deess,12409.490389819679,denhb,12031.652880537611,East Asia
133,Vietnam,8.6706,105.1538,24,240000,deess,11885.742030179807,denhb,11612.080190823986,East Asia
134,Netherlands,52.6039,5.5748,24,240000,nlhrw,99.28639765974991,nldhl,97.0217627043025,Europe (direction data)
135,Japan,40.2006,139.9778,23,230000,deess,14816.109948654039,denhb,14428.917711632746,East Asia
136,Denmark,56.5932,8.0257,21,210000,nlhrw,543.822030843115,denhb,444.0631923818164,Europe (no direction data)
137,Germany,54.6098,12.6507,21,210000,deess,724.2541055859679,denhb,245.79306573646457,Europe (no direction data)
138,United States of America,41.1238,-70.9609,20,200000,nlhrw,8505.815917692156,frabb,8141.399224049957,Americas
139,South Korea,35.4818,126.3176,20,200000,deess,13364.89723986522,denhb,12992.370390706423,East Asia
140,Denmark,56.0791,7.9536,20,200000,nlhrw,497.08075187656334,denhb,409.0345296428771,Europe (direction data)
141,Vietnam,9.7455,106.585,18,180000,deess,11985.042510524325,denhb,11705.625609580859,East Asia
142,Germany,53.8357,8.1683,18,180000,deess,301.31046360685895,denhb,280.02357399508344,Europe (direction data)
143,Vietnam,8.5498,104.9308,16,160000,deess,11868.416690134969,denhb,11595.507466454337,East Asia
144,Sweden,56.9863,17.0187,16,160000,deess,1276.1771874943465,denhb,797.7043043803761,Europe (no direction data)
145,Japan,43.2114,141.2564,14,140000,deess,14933.477476991398,denhb,14539.779477051958,East Asia
146,United States of America,41.093,-71.1478,12,120000,nlhrw,8526.840893824783,frabb,8162.407971948635,Americas
147,China,38.6666,117.6375,12,120000,deess,12365.13845563126,denhb,11987.441514032134,East Asia
148,Finland,61.6279,21.3546,11,110000,deess,1959.1630670462248,denhb,1482.5639013027294,Europe (no direction data)
149,Sweden,55.6945,12.6698,11,110000,deess,792.1578618072851,denhb,320.6773342272413,Europe (no direction data)
150,United Kingdom,57.2233,-1.9953,11,110000,nlhrw,886.3345828289563,bejab,875.2738102860043,Europe (no direction data)
151,South Korea,34.9712,125.9495,10,100000,deess,13332.032002206959,denhb,12960.926690186952,East Asia
152,Denmark,56.6648,8.2313,10,100000,nlhrw,565.1108956145949,denhb,435.44170645946383,Europe (no direction data)
153,Denmark,55.9692,10.3553,10,100000,deess,631.216749554644,denhb,265.4394765145719,Europe (no direction data)
154,Denmark,55.7218,10.5833,10,100000,deess,625.2945585351997,denhb,235.76426469617917,Europe (no direction data)
155,Italy,40.4919,17.1398,9,90000,deess,1655.3947614166386,denhb,1622.0868002760058,Europe (no direction data)
156,United States of America,41.1929,-71.1658,8,80000,nlhrw,8527.110806569013,frabb,8163.035825651511,Americas
157,Denmark,55.3441,10.9604,7,70000,deess,622.780404546715,denhb,196.08108276774132,Europe (no direction data)
158,Ireland,52.7915,-5.9468,7,70000,nlhrw,1187.4751388257735,frabb,912.3781410343465,Europe (no direction data)
159,Vietnam,9.2966,106.1245,7,70000,deess,11957.28722681951,denhb,11680.050532927116,East Asia
160,United States of America,41.1157,-71.5218,5,50000,nlhrw,8567.47309427029,frabb,8203.301158107102,Americas
161,United Kingdom,57.0045,-1.8649,5,50000,nlhrw,861.2045878393008,bejab,847.3745980388248,Europe (no direction data)
162,United Kingdom,55.1313,-1.4019,5,50000,nlhrw,724.515828260018,frabb,660.9691574917093,Europe (no direction data)
163,Sweden,57.0371,18.1467,5,50000,deess,1389.476697643865,denhb,912.3988348092624,Europe (no direction data)
164,United Kingdom,57.4875,-1.3561,5,50000,nlhrw,844.4274457824421,nlhrw,844.4274457824421,Europe (no direction data)
165,China,38.0457,118.4427,4,40000,deess,12461.943935082656,denhb,12085.619524718184,East Asia
166,Japan,39.7726,140.0107,4,40000,deess,14823.809707467484,denhb,14437.52339187692,East Asia
167,France,43.1903,4.794,3,30000,behel,875.189494377583,bewid,749.9921327539971,Europe (no direction data)
168,China,38.6193,117.5806,3,30000,deess,12359.465518754314,denhb,11981.91383222083,East Asia
169,China,34.4617,119.888,3,30000,deess,12674.129870933772,denhb,12306.82273885326,East Asia
170,Portugal,41.6868,-9.0573,3,30000,behel,1913.7820590493395,frabb,1529.3082253414877,Europe (no direction data)
