farm_id,budget,theta_econ,theta_eco,aep_cost_pct,risk_reduction,risk_reduction_pct,country,capacity_kW
0,0.005,0.0,30.0,0.4584,0.5436,54.36,China,9280000
0,0.01,0.0,40.0,0.6892,0.6882,68.82,China,9280000
0,0.02,0.0,60.0,1.4438,0.8153,81.53,China,9280000
0,0.05,0.0,60.0,1.4438,0.8153,81.53,China,9280000
1,0.005,0.0,40.0,0.3674,0.6882,68.82,China,5890000
1,0.01,0.0,50.0,0.6937,0.7825,78.25,China,5890000
1,0.02,0.0,60.0,1.2343,0.8153,81.53,China,5890000
1,0.05,0.0,60.0,1.2343,0.8153,81.53,China,5890000
2,0.005,20.0,30.0,0.0569,0.956,95.6,Belgium,5720000
2,0.01,20.0,30.0,0.0569,0.956,95.6,Belgium,5720000
2,0.02,20.0,30.0,0.0569,0.956,95.6,Belgium,5720000
2,0.05,20.0,30.0,0.0569,0.956,95.6,Belgium,5720000
3,0.005,10.0,30.0,0.3935,0.4451,44.51,China,4430000
3,0.01,10.0,40.0,0.8539,0.6209,62.09,China,4430000
3,0.02,10.0,50.0,1.5423,0.7357,73.57,China,4430000
3,0.05,10.0,60.0,2.632,0.7755,77.55,China,4430000
4,0.005,40.0,50.0,0.215,0.3027,30.27,China,3640000
4,0.01,40.0,50.0,0.215,0.3027,30.27,China,3640000
4,0.02,40.0,60.0,1.1869,0.4078,40.78,China,3640000
4,0.05,40.0,60.0,1.1869,0.4078,40.78,China,3640000
5,0.005,150.0,30.0,0.1406,0.9977,99.77,United Kingdom,3390000
5,0.01,150.0,30.0,0.1406,0.9977,99.77,United Kingdom,3390000
5,0.02,150.0,30.0,0.1406,0.9977,99.77,United Kingdom,3390000
5,0.05,150.0,30.0,0.1406,0.9977,99.77,United Kingdom,3390000
6,0.005,170.0,0.0,0.2257,0.1263,12.63,China,2930000
6,0.01,170.0,10.0,0.8112,0.2813,28.13,China,2930000
6,0.02,170.0,20.0,1.8964,0.4462,44.62,China,2930000
6,0.05,170.0,40.0,4.3902,0.7276,72.76,China,2930000
7,0.005,160.0,80.0,0.2978,0.8446,84.46,Netherlands,2840000
7,0.01,160.0,80.0,0.2978,0.8446,84.46,Netherlands,2840000
7,0.02,160.0,80.0,0.2978,0.8446,84.46,Netherlands,2840000
7,0.05,160.0,80.0,0.2978,0.8446,84.46,Netherlands,2840000
8,0.005,170.0,20.0,0.495,0.4462,44.62,China,2780000
8,0.01,170.0,30.0,0.8606,0.6012,60.12,China,2780000
8,0.02,170.0,70.0,1.7297,0.81,81.0,China,2780000
8,0.05,170.0,60.0,2.6411,0.8387,83.87,China,2780000
9,0.005,140.0,50.0,0.4872,0.8473,84.73,United Kingdom,2670000
9,0.01,140.0,50.0,0.4872,0.8473,84.73,United Kingdom,2670000
9,0.02,140.0,50.0,0.4872,0.8473,84.73,United Kingdom,2670000
9,0.05,140.0,50.0,0.4872,0.8473,84.73,United Kingdom,2670000
10,0.005,160.0,50.0,0.4033,0.821,82.1,United Kingdom,2460000
10,0.01,160.0,50.0,0.4033,0.821,82.1,United Kingdom,2460000
10,0.02,160.0,50.0,0.4033,0.821,82.1,United Kingdom,2460000
10,0.05,160.0,50.0,0.4033,0.821,82.1,United Kingdom,2460000
11,0.005,10.0,30.0,0.4658,0.2908,29.08,Germany,2460000
11,0.01,10.0,80.0,0.7958,0.8282,82.82,Germany,2460000
11,0.02,10.0,80.0,0.7958,0.8282,82.82,Germany,2460000
11,0.05,10.0,80.0,0.7958,0.8282,82.82,Germany,2460000
12,0.005,60.0,60.0,0.0,0.0,0.0,China,2440000
12,0.01,60.0,60.0,0.0,0.0,0.0,China,2440000
12,0.02,60.0,60.0,0.0,0.0,0.0,China,2440000
12,0.05,60.0,60.0,0.0,0.0,0.0,China,2440000
13,0.005,90.0,90.0,0.0,0.0,0.0,United Kingdom,2150000
13,0.01,90.0,60.0,0.5005,0.6464,64.64,United Kingdom,2150000
13,0.02,90.0,50.0,1.0697,0.7351,73.51,United Kingdom,2150000
13,0.05,90.0,50.0,1.0697,0.7351,73.51,United Kingdom,2150000
14,0.005,150.0,140.0,0.1791,0.0258,2.58,China,1890000
14,0.01,150.0,170.0,0.7158,0.1,10.0,China,1890000
14,0.02,150.0,50.0,1.5596,0.829,82.9,China,1890000
14,0.05,150.0,60.0,2.0019,0.8548,85.48,China,1890000
15,0.005,90.0,80.0,0.0778,0.1763,17.63,Netherlands,1820000
15,0.01,90.0,80.0,0.0778,0.1763,17.63,Netherlands,1820000
15,0.02,90.0,80.0,0.0778,0.1763,17.63,Netherlands,1820000
15,0.05,90.0,80.0,0.0778,0.1763,17.63,Netherlands,1820000
16,0.005,0.0,80.0,0.1792,0.8424,84.24,Netherlands,1780000
16,0.01,0.0,80.0,0.1792,0.8424,84.24,Netherlands,1780000
16,0.02,0.0,80.0,0.1792,0.8424,84.24,Netherlands,1780000
16,0.05,0.0,80.0,0.1792,0.8424,84.24,Netherlands,1780000
17,0.005,20.0,50.0,0.3786,0.7626,76.26,United Kingdom,1750000
17,0.01,20.0,50.0,0.3786,0.7626,76.26,United Kingdom,1750000
17,0.02,20.0,60.0,1.0732,0.8471,84.71,United Kingdom,1750000
17,0.05,20.0,60.0,1.0732,0.8471,84.71,United Kingdom,1750000
18,0.005,90.0,80.0,0.172,0.1763,17.63,Germany,1740000
18,0.01,90.0,80.0,0.172,0.1763,17.63,Germany,1740000
18,0.02,90.0,80.0,0.172,0.1763,17.63,Germany,1740000
18,0.05,90.0,80.0,0.172,0.1763,17.63,Germany,1740000
19,0.005,20.0,50.0,0.3347,0.6569,65.69,China,1710000
19,0.01,20.0,60.0,0.9597,0.7086,70.86,China,1710000
19,0.02,20.0,60.0,0.9597,0.7086,70.86,China,1710000
19,0.05,20.0,60.0,0.9597,0.7086,70.86,China,1710000
20,0.005,10.0,60.0,0.4673,0.7315,73.15,Netherlands,1670000
20,0.01,10.0,80.0,0.5817,0.8282,82.82,Netherlands,1670000
20,0.02,10.0,80.0,0.5817,0.8282,82.82,Netherlands,1670000
20,0.05,10.0,80.0,0.5817,0.8282,82.82,Netherlands,1670000
21,0.005,120.0,110.0,0.3048,0.1774,17.74,China,1620000
21,0.01,120.0,110.0,0.3048,0.1774,17.74,China,1620000
21,0.02,120.0,100.0,1.903,0.3662,36.62,China,1620000
21,0.05,120.0,100.0,1.903,0.3662,36.62,China,1620000
22,0.005,140.0,130.0,0.082,0.0566,5.66,Germany,1610000
22,0.01,140.0,120.0,0.5398,0.1625,16.25,Germany,1610000
22,0.02,140.0,60.0,1.4459,0.9299,92.99,Germany,1610000
22,0.05,140.0,60.0,1.4459,0.9299,92.99,Germany,1610000
23,0.005,160.0,80.0,0.1692,0.8446,84.46,Netherlands,1580000
23,0.01,160.0,80.0,0.1692,0.8446,84.46,Netherlands,1580000
23,0.02,160.0,80.0,0.1692,0.8446,84.46,Netherlands,1580000
23,0.05,160.0,80.0,0.1692,0.8446,84.46,Netherlands,1580000
24,0.005,30.0,40.0,0.3693,0.3168,31.68,China,1560000
24,0.01,30.0,40.0,0.3693,0.3168,31.68,China,1560000
24,0.02,30.0,60.0,1.391,0.5954,59.54,China,1560000
24,0.05,30.0,60.0,1.391,0.5954,59.54,China,1560000
25,0.005,60.0,50.0,0.062,0.077,7.7,Sweden,1520000
25,0.01,60.0,50.0,0.062,0.077,7.7,Sweden,1520000
25,0.02,60.0,50.0,0.062,0.077,7.7,Sweden,1520000
25,0.05,60.0,50.0,0.062,0.077,7.7,Sweden,1520000
26,0.005,70.0,30.0,0.3385,0.9953,99.53,United Kingdom,1400000
26,0.01,70.0,30.0,0.3385,0.9953,99.53,United Kingdom,1400000
26,0.02,70.0,30.0,0.3385,0.9953,99.53,United Kingdom,1400000
26,0.05,70.0,30.0,0.3385,0.9953,99.53,United Kingdom,1400000
27,0.005,20.0,70.0,0.3674,0.894,89.4,Denmark,1380000
27,0.01,20.0,70.0,0.3674,0.894,89.4,Denmark,1380000
27,0.02,20.0,70.0,0.3674,0.894,89.4,Denmark,1380000
27,0.05,20.0,70.0,0.3674,0.894,89.4,Denmark,1380000
28,0.005,50.0,60.0,0.2096,0.1507,15.07,China,1340000
28,0.01,50.0,60.0,0.2096,0.1507,15.07,China,1340000
28,0.02,50.0,60.0,0.2096,0.1507,15.07,China,1340000
28,0.05,50.0,60.0,0.2096,0.1507,15.07,China,1340000
29,0.005,0.0,40.0,0.3542,0.8281,82.81,Sweden,1310000
29,0.01,0.0,50.0,0.5233,0.8995,89.95,Sweden,1310000
29,0.02,0.0,50.0,0.5233,0.8995,89.95,Sweden,1310000
29,0.05,0.0,50.0,0.5233,0.8995,89.95,Sweden,1310000
30,0.005,70.0,30.0,0.3592,0.9953,99.53,United Kingdom,1290000
30,0.01,70.0,30.0,0.3592,0.9953,99.53,United Kingdom,1290000
30,0.02,70.0,30.0,0.3592,0.9953,99.53,United Kingdom,1290000
30,0.05,70.0,30.0,0.3592,0.9953,99.53,United Kingdom,1290000
31,0.005,30.0,80.0,0.3643,0.7577,75.77,Netherlands,1290000
31,0.01,30.0,80.0,0.3643,0.7577,75.77,Netherlands,1290000
31,0.02,30.0,80.0,0.3643,0.7577,75.77,Netherlands,1290000
31,0.05,30.0,80.0,0.3643,0.7577,75.77,Netherlands,1290000
32,0.005,10.0,20.0,0.0534,0.2295,22.95,China,1280000
32,0.01,10.0,30.0,0.9913,0.4451,44.51,China,1280000
32,0.02,10.0,30.0,0.9913,0.4451,44.51,China,1280000
32,0.05,10.0,40.0,3.1562,0.6209,62.09,China,1280000
33,0.005,10.0,40.0,0.1534,0.6209,62.09,China,1280000
33,0.01,10.0,50.0,0.6736,0.7357,73.57,China,1280000
33,0.02,10.0,60.0,1.3372,0.7755,77.55,China,1280000
33,0.05,10.0,60.0,1.3372,0.7755,77.55,China,1280000
34,0.005,140.0,140.0,0.0,0.0,0.0,China,1250000
34,0.01,140.0,60.0,0.6185,0.851,85.1,China,1250000
34,0.02,140.0,60.0,0.6185,0.851,85.1,China,1250000
34,0.05,140.0,60.0,0.6185,0.851,85.1,China,1250000
35,0.005,170.0,170.0,0.0,0.0,0.0,China,1200000
35,0.01,170.0,0.0,0.5514,0.1263,12.63,China,1200000
35,0.02,170.0,70.0,1.5734,0.81,81.0,China,1200000
35,0.05,170.0,60.0,2.3923,0.8387,83.87,China,1200000
36,0.005,90.0,70.0,0.3885,0.6757,67.57,United Kingdom,1170000
36,0.01,90.0,60.0,0.8608,0.694,69.4,United Kingdom,1170000
36,0.02,90.0,60.0,0.8608,0.694,69.4,United Kingdom,1170000
36,0.05,90.0,60.0,0.8608,0.694,69.4,United Kingdom,1170000
37,0.005,90.0,70.0,0.1494,0.5236,52.36,China,1160000
37,0.01,90.0,60.0,0.6491,0.5954,59.54,China,1160000
37,0.02,90.0,60.0,0.6491,0.5954,59.54,China,1160000
37,0.05,90.0,60.0,0.6491,0.5954,59.54,China,1160000
38,0.005,40.0,50.0,0.1751,0.3027,30.27,China,1150000
38,0.01,40.0,60.0,0.7984,0.4078,40.78,China,1150000
38,0.02,40.0,60.0,0.7984,0.4078,40.78,China,1150000
38,0.05,40.0,60.0,0.7984,0.4078,40.78,China,1150000
39,0.005,130.0,60.0,0.2187,0.7962,79.62,Taiwan,1140000
39,0.01,130.0,60.0,0.2187,0.7962,79.62,Taiwan,1140000
39,0.02,130.0,50.0,1.0402,0.8473,84.73,Taiwan,1140000
39,0.05,130.0,50.0,1.0402,0.8473,84.73,Taiwan,1140000
40,0.005,0.0,40.0,0.485,0.7351,73.51,United Kingdom,1140000
40,0.01,0.0,40.0,0.485,0.7351,73.51,United Kingdom,1140000
40,0.02,0.0,40.0,0.485,0.7351,73.51,United Kingdom,1140000
40,0.05,0.0,40.0,0.485,0.7351,73.51,United Kingdom,1140000
41,0.005,90.0,80.0,0.1726,0.3168,31.68,China,1130000
41,0.01,90.0,80.0,0.1726,0.3168,31.68,China,1130000
41,0.02,90.0,70.0,1.155,0.5236,52.36,China,1130000
41,0.05,90.0,60.0,2.6415,0.5954,59.54,China,1130000
42,0.005,20.0,30.0,0.1213,0.3203,32.03,Taiwan,1110000
42,0.01,20.0,30.0,0.1213,0.3203,32.03,Taiwan,1110000
42,0.02,20.0,40.0,1.3936,0.4907,49.07,Taiwan,1110000
42,0.05,20.0,40.0,1.3936,0.4907,49.07,Taiwan,1110000
43,0.005,10.0,40.0,0.3792,0.6443,64.43,Denmark,1110000
43,0.01,10.0,40.0,0.3792,0.6443,64.43,Denmark,1110000
43,0.02,10.0,40.0,0.3792,0.6443,64.43,Denmark,1110000
43,0.05,10.0,40.0,0.3792,0.6443,64.43,Denmark,1110000
44,0.005,0.0,20.0,0.2356,0.3662,36.62,China,1080000
44,0.01,0.0,60.0,0.787,0.8153,81.53,China,1080000
44,0.02,0.0,60.0,0.787,0.8153,81.53,China,1080000
44,0.05,0.0,60.0,0.787,0.8153,81.53,China,1080000
45,0.005,0.0,10.0,0.3816,0.1774,17.74,China,1060000
45,0.01,0.0,20.0,0.9876,0.3662,36.62,China,1060000
45,0.02,0.0,30.0,1.514,0.5436,54.36,China,1060000
45,0.05,0.0,60.0,4.272,0.8153,81.53,China,1060000
46,0.005,100.0,90.0,0.3666,0.2799,27.99,China,1050000
46,0.01,100.0,90.0,0.3666,0.2799,27.99,China,1050000
46,0.02,100.0,90.0,0.3666,0.2799,27.99,China,1050000
46,0.05,100.0,60.0,4.3701,0.7086,70.86,China,1050000
47,0.005,70.0,60.0,0.1342,0.1507,15.07,China,1040000
47,0.01,70.0,60.0,0.1342,0.1507,15.07,China,1040000
47,0.02,70.0,60.0,0.1342,0.1507,15.07,China,1040000
47,0.05,70.0,60.0,0.1342,0.1507,15.07,China,1040000
48,0.005,60.0,30.0,0.2736,0.9921,99.21,United Kingdom,1020000
48,0.01,60.0,30.0,0.2736,0.9921,99.21,United Kingdom,1020000
48,0.02,60.0,30.0,0.2736,0.9921,99.21,United Kingdom,1020000
48,0.05,60.0,30.0,0.2736,0.9921,99.21,United Kingdom,1020000
49,0.005,160.0,20.0,0.1876,0.4938,49.38,France,1010000
49,0.01,160.0,20.0,0.1876,0.4938,49.38,France,1010000
49,0.02,160.0,60.0,1.8877,0.9226,92.26,France,1010000
49,0.05,160.0,60.0,1.8877,0.9226,92.26,France,1010000
50,0.005,0.0,20.0,0.3867,0.3662,36.62,China,1000000
50,0.01,0.0,40.0,0.9649,0.6882,68.82,China,1000000
50,0.02,0.0,50.0,1.3973,0.7825,78.25,China,1000000
50,0.05,0.0,60.0,2.2716,0.8153,81.53,China,1000000
51,0.005,0.0,30.0,0.1191,0.9934,99.34,United Kingdom,920000
51,0.01,0.0,30.0,0.1191,0.9934,99.34,United Kingdom,920000
51,0.02,0.0,30.0,0.1191,0.9934,99.34,United Kingdom,920000
51,0.05,0.0,30.0,0.1191,0.9934,99.34,United Kingdom,920000
52,0.005,0.0,0.0,0.0,0.0,0.0,China,900000
52,0.01,0.0,10.0,0.6067,0.1774,17.74,China,900000
52,0.02,0.0,20.0,1.7439,0.3662,36.62,China,900000
52,0.05,0.0,60.0,4.9038,0.8153,81.53,China,900000
53,0.005,20.0,30.0,0.0518,0.956,95.6,United Kingdom,900000
53,0.01,20.0,30.0,0.0518,0.956,95.6,United Kingdom,900000
53,0.02,20.0,30.0,0.0518,0.956,95.6,United Kingdom,900000
53,0.05,20.0,30.0,0.0518,0.956,95.6,United Kingdom,900000
54,0.005,130.0,80.0,0.4082,0.7725,77.25,Netherlands,890000
54,0.01,130.0,80.0,0.4082,0.7725,77.25,Netherlands,890000
54,0.02,130.0,80.0,0.4082,0.7725,77.25,Netherlands,890000
54,0.05,130.0,80.0,0.4082,0.7725,77.25,Netherlands,890000
55,0.005,10.0,30.0,0.2799,0.9867,98.67,United Kingdom,880000
55,0.01,10.0,30.0,0.2799,0.9867,98.67,United Kingdom,880000
55,0.02,10.0,30.0,0.2799,0.9867,98.67,United Kingdom,880000
55,0.05,10.0,30.0,0.2799,0.9867,98.67,United Kingdom,880000
56,0.005,110.0,100.0,0.275,0.2295,22.95,Vietnam,830000
56,0.01,110.0,70.0,0.9698,0.7357,73.57,Vietnam,830000
56,0.02,110.0,70.0,0.9698,0.7357,73.57,Vietnam,830000
56,0.05,110.0,60.0,2.0282,0.7755,77.55,Vietnam,830000
57,0.005,40.0,40.0,0.0,0.0,0.0,Vietnam,820000
57,0.01,40.0,40.0,0.0,0.0,0.0,Vietnam,820000
57,0.02,40.0,40.0,0.0,0.0,0.0,Vietnam,820000
57,0.05,40.0,50.0,2.4907,0.3027,30.27,Vietnam,820000
58,0.005,140.0,80.0,0.2978,0.8966,89.66,France,810000
58,0.01,140.0,70.0,0.7594,0.9295,92.95,France,810000
58,0.02,140.0,70.0,0.7594,0.9295,92.95,France,810000
58,0.05,140.0,70.0,0.7594,0.9295,92.95,France,810000
59,0.005,90.0,90.0,0.0,0.0,0.0,Denmark,800000
59,0.01,90.0,70.0,0.7505,0.6441,64.41,Denmark,800000
59,0.02,90.0,70.0,0.7505,0.6441,64.41,Denmark,800000
59,0.05,90.0,70.0,0.7505,0.6441,64.41,Denmark,800000
60,0.005,0.0,20.0,0.2813,0.2038,20.38,Denmark,800000
60,0.01,0.0,80.0,0.8078,0.8424,84.24,Denmark,800000
60,0.02,0.0,80.0,0.8078,0.8424,84.24,Denmark,800000
60,0.05,0.0,80.0,0.8078,0.8424,84.24,Denmark,800000
61,0.005,0.0,30.0,0.4449,0.5012,50.12,Denmark,800000
61,0.01,0.0,70.0,0.919,0.9276,92.76,Denmark,800000
61,0.02,0.0,70.0,0.919,0.9276,92.76,Denmark,800000
61,0.05,0.0,70.0,0.919,0.9276,92.76,Denmark,800000
62,0.005,30.0,40.0,0.1448,0.2507,25.07,Taiwan,790000
62,0.01,30.0,40.0,0.1448,0.2507,25.07,Taiwan,790000
62,0.02,30.0,40.0,0.1448,0.2507,25.07,Taiwan,790000
62,0.05,30.0,40.0,0.1448,0.2507,25.07,Taiwan,790000
63,0.005,30.0,40.0,0.3059,0.3168,31.68,China,750000
63,0.01,30.0,60.0,0.6641,0.5954,59.54,China,750000
63,0.02,30.0,60.0,0.6641,0.5954,59.54,China,750000
63,0.05,30.0,60.0,0.6641,0.5954,59.54,China,750000
64,0.005,0.0,0.0,0.0,0.0,0.0,Vietnam,750000
64,0.01,0.0,0.0,0.0,0.0,0.0,Vietnam,750000
64,0.02,0.0,10.0,1.3956,0.1774,17.74,Vietnam,750000
64,0.05,0.0,20.0,3.7696,0.3662,36.62,Vietnam,750000
65,0.005,150.0,120.0,0.4723,0.4278,42.78,Netherlands,750000
65,0.01,150.0,90.0,0.9852,0.7975,79.75,Netherlands,750000
65,0.02,150.0,80.0,1.0061,0.8332,83.32,Netherlands,750000
65,0.05,150.0,80.0,1.0061,0.8332,83.32,Netherlands,750000
66,0.005,100.0,100.0,0.0,0.0,0.0,China,740000
66,0.01,100.0,90.0,0.703,0.2799,27.99,China,740000
66,0.02,100.0,90.0,0.703,0.2799,27.99,China,740000
66,0.05,100.0,70.0,4.9202,0.6569,65.69,China,740000
67,0.005,100.0,100.0,0.0,0.0,0.0,United Kingdom,730000
67,0.01,100.0,50.0,0.5048,0.7889,78.89,United Kingdom,730000
67,0.02,100.0,50.0,0.5048,0.7889,78.89,United Kingdom,730000
67,0.05,100.0,50.0,0.5048,0.7889,78.89,United Kingdom,730000
68,0.005,0.0,90.0,0.37,0.8086,80.86,Denmark,720000
68,0.01,0.0,80.0,0.5848,0.8424,84.24,Denmark,720000
68,0.02,0.0,80.0,0.5848,0.8424,84.24,Denmark,720000
68,0.05,0.0,80.0,0.5848,0.8424,84.24,Denmark,720000
69,0.005,80.0,60.0,0.1854,0.4587,45.87,France,710000
69,0.01,80.0,60.0,0.1854,0.4587,45.87,France,710000
69,0.02,80.0,60.0,0.1854,0.4587,45.87,France,710000
69,0.05,80.0,60.0,0.1854,0.4587,45.87,France,710000
70,0.005,10.0,30.0,0.0745,0.4451,44.51,China,700000
70,0.01,10.0,40.0,0.6444,0.6209,62.09,China,700000
70,0.02,10.0,50.0,1.3806,0.7357,73.57,China,700000
70,0.05,10.0,60.0,2.0344,0.7755,77.55,China,700000
71,0.005,60.0,50.0,0.4649,0.2507,25.07,Taiwan,690000
71,0.01,60.0,50.0,0.4649,0.2507,25.07,Taiwan,690000
71,0.02,60.0,50.0,0.4649,0.2507,25.07,Taiwan,690000
71,0.05,60.0,50.0,0.4649,0.2507,25.07,Taiwan,690000
72,0.005,10.0,10.0,0.0,0.0,0.0,China,680000
72,0.01,10.0,20.0,0.6018,0.2295,22.95,China,680000
72,0.02,10.0,80.0,1.8732,0.6209,62.09,China,680000
72,0.05,10.0,60.0,3.6748,0.7755,77.55,China,680000
73,0.005,20.0,30.0,0.1958,0.956,95.6,United Kingdom,670000
73,0.01,20.0,30.0,0.1958,0.956,95.6,United Kingdom,670000
73,0.02,20.0,30.0,0.1958,0.956,95.6,United Kingdom,670000
73,0.05,20.0,30.0,0.1958,0.956,95.6,United Kingdom,670000
74,0.005,170.0,0.0,0.1763,0.1263,12.63,China,620000
74,0.01,170.0,10.0,0.5584,0.2813,28.13,China,620000
74,0.02,170.0,20.0,1.234,0.4462,44.62,China,620000
74,0.05,170.0,40.0,4.3761,0.7276,72.76,China,620000
75,0.005,140.0,50.0,0.2075,0.7973,79.73,France,620000
75,0.01,140.0,70.0,0.6336,0.9268,92.68,France,620000
75,0.02,140.0,70.0,0.6336,0.9268,92.68,France,620000
75,0.05,140.0,70.0,0.6336,0.9268,92.68,France,620000
76,0.005,170.0,10.0,0.4632,0.2813,28.13,China,610000
76,0.01,170.0,70.0,0.9204,0.81,81.0,China,610000
76,0.02,170.0,60.0,1.3389,0.8387,83.87,China,610000
76,0.05,170.0,60.0,1.3389,0.8387,83.87,China,610000
77,0.005,160.0,170.0,0.4961,0.0762,7.62,China,610000
77,0.01,160.0,170.0,0.4961,0.0762,7.62,China,610000
77,0.02,160.0,10.0,1.9924,0.3361,33.61,China,610000
77,0.05,160.0,80.0,4.942,0.7483,74.83,China,610000
78,0.005,150.0,140.0,0.2318,0.0258,2.58,China,600000
78,0.01,150.0,140.0,0.2318,0.0258,2.58,China,600000
78,0.02,150.0,60.0,1.4675,0.8548,85.48,China,600000
78,0.05,150.0,60.0,1.4675,0.8548,85.48,China,600000
79,0.005,130.0,30.0,0.3759,0.6012,60.12,China,600000
79,0.01,130.0,40.0,0.5357,0.7276,72.76,China,600000
79,0.02,130.0,50.0,1.3651,0.81,81.0,China,600000
79,0.05,130.0,60.0,2.0574,0.8387,83.87,China,600000
80,0.005,90.0,40.0,0.1938,0.7351,73.51,United Kingdom,600000
80,0.01,90.0,40.0,0.1938,0.7351,73.51,United Kingdom,600000
80,0.02,90.0,40.0,0.1938,0.7351,73.51,United Kingdom,600000
80,0.05,90.0,40.0,0.1938,0.7351,73.51,United Kingdom,600000
81,0.005,20.0,30.0,0.4442,0.2799,27.99,China,590000
81,0.01,20.0,30.0,0.4442,0.2799,27.99,China,590000
81,0.02,20.0,40.0,1.3324,0.508,50.8,China,590000
81,0.05,20.0,60.0,3.7816,0.7086,70.86,China,590000
82,0.005,10.0,40.0,0.3309,0.6209,62.09,China,580000
82,0.01,10.0,50.0,0.7999,0.7357,73.57,China,580000
82,0.02,10.0,60.0,1.547,0.7755,77.55,China,580000
82,0.05,10.0,60.0,1.547,0.7755,77.55,China,580000
83,0.005,120.0,30.0,0.172,0.7852,78.52,United Kingdom,580000
83,0.01,120.0,40.0,0.7012,0.8391,83.91,United Kingdom,580000
83,0.02,120.0,40.0,0.7012,0.8391,83.91,United Kingdom,580000
83,0.05,120.0,40.0,0.7012,0.8391,83.91,United Kingdom,580000
84,0.005,110.0,70.0,0.4539,0.6485,64.85,United Kingdom,570000
84,0.01,110.0,50.0,0.9032,0.821,82.1,United Kingdom,570000
84,0.02,110.0,50.0,0.9032,0.821,82.1,United Kingdom,570000
84,0.05,110.0,50.0,0.9032,0.821,82.1,United Kingdom,570000
85,0.005,130.0,130.0,0.0,0.0,0.0,China,560000
85,0.01,130.0,120.0,0.8435,0.1263,12.63,China,560000
85,0.02,130.0,50.0,1.41,0.81,81.0,China,560000
85,0.05,130.0,60.0,3.0268,0.8387,83.87,China,560000
86,0.005,20.0,30.0,0.119,0.2799,27.99,Vietnam,560000
86,0.01,20.0,30.0,0.119,0.2799,27.99,Vietnam,560000
86,0.02,20.0,40.0,1.273,0.508,50.8,Vietnam,560000
86,0.05,20.0,50.0,3.5822,0.6569,65.69,Vietnam,560000
87,0.005,100.0,30.0,0.2726,0.9979,99.79,United Kingdom,560000
87,0.01,100.0,30.0,0.2726,0.9979,99.79,United Kingdom,560000
87,0.02,100.0,30.0,0.2726,0.9979,99.79,United Kingdom,560000
87,0.05,100.0,30.0,0.2726,0.9979,99.79,United Kingdom,560000
88,0.005,30.0,40.0,0.2572,0.3168,31.68,China,550000
88,0.01,30.0,60.0,0.8589,0.5954,59.54,China,550000
88,0.02,30.0,60.0,0.8589,0.5954,59.54,China,550000
88,0.05,30.0,60.0,0.8589,0.5954,59.54,China,550000
89,0.005,130.0,120.0,0.2595,0.1263,12.63,China,550000
89,0.01,130.0,100.0,0.6786,0.4462,44.62,China,550000
89,0.02,130.0,60.0,1.7339,0.8387,83.87,China,550000
89,0.05,130.0,60.0,1.7339,0.8387,83.87,China,550000
90,0.005,130.0,130.0,0.0,0.0,0.0,China,550000
90,0.01,130.0,130.0,0.0,0.0,0.0,China,550000
90,0.02,130.0,50.0,1.1396,0.81,81.0,China,550000
90,0.05,130.0,60.0,2.9985,0.8387,83.87,China,550000
91,0.005,140.0,140.0,0.0,0.0,0.0,China,550000
91,0.01,140.0,130.0,0.8719,0.0762,7.62,China,550000
91,0.02,140.0,60.0,1.1195,0.851,85.1,China,550000
91,0.05,140.0,60.0,1.1195,0.851,85.1,China,550000
92,0.005,140.0,130.0,0.3386,0.0762,7.62,China,540000
92,0.01,140.0,130.0,0.3386,0.0762,7.62,China,540000
92,0.02,140.0,120.0,1.0577,0.1929,19.29,China,540000
92,0.05,140.0,100.0,3.909,0.4884,48.84,China,540000
93,0.005,40.0,40.0,0.0,0.0,0.0,United Kingdom,510000
93,0.01,40.0,40.0,0.0,0.0,0.0,United Kingdom,510000
93,0.02,40.0,40.0,0.0,0.0,0.0,United Kingdom,510000
93,0.05,40.0,40.0,0.0,0.0,0.0,United Kingdom,510000
94,0.005,0.0,20.0,0.3271,0.3662,36.62,China,500000
94,0.01,0.0,30.0,0.5181,0.5436,54.36,China,500000
94,0.02,0.0,40.0,1.1482,0.6882,68.82,China,500000
94,0.05,0.0,60.0,3.0118,0.8153,81.53,China,500000
95,0.005,150.0,50.0,0.1041,0.9319,93.19,Sweden,500000
95,0.01,150.0,50.0,0.1041,0.9319,93.19,Sweden,500000
95,0.02,150.0,50.0,0.1041,0.9319,93.19,Sweden,500000
95,0.05,150.0,50.0,0.1041,0.9319,93.19,Sweden,500000
96,0.005,60.0,60.0,0.0,0.0,0.0,United Kingdom,500000
96,0.01,60.0,60.0,0.0,0.0,0.0,United Kingdom,500000
96,0.02,60.0,60.0,0.0,0.0,0.0,United Kingdom,500000
96,0.05,60.0,60.0,0.0,0.0,0.0,United Kingdom,500000
97,0.005,30.0,40.0,0.1628,0.3168,31.68,China,490000
97,0.01,30.0,40.0,0.1628,0.3168,31.68,China,490000
97,0.02,30.0,40.0,0.1628,0.3168,31.68,China,490000
97,0.05,30.0,60.0,4.9371,0.5954,59.54,China,490000
98,0.005,0.0,60.0,0.404,0.8153,81.53,China,480000
98,0.01,0.0,60.0,0.404,0.8153,81.53,China,480000
98,0.02,0.0,60.0,0.404,0.8153,81.53,China,480000
98,0.05,0.0,60.0,0.404,0.8153,81.53,China,480000
99,0.005,50.0,50.0,0.0,0.0,0.0,Sweden,480000
99,0.01,50.0,50.0,0.0,0.0,0.0,Sweden,480000
99,0.02,50.0,50.0,0.0,0.0,0.0,Sweden,480000
99,0.05,50.0,50.0,0.0,0.0,0.0,Sweden,480000
100,0.005,30.0,50.0,0.377,0.4496,44.96,Netherlands,480000
100,0.01,30.0,50.0,0.377,0.4496,44.96,Netherlands,480000
100,0.02,30.0,70.0,1.7783,0.7284,72.84,Netherlands,480000
100,0.05,30.0,80.0,2.6314,0.7577,75.77,Netherlands,480000
101,0.005,10.0,10.0,0.0,0.0,0.0,China,470000
101,0.01,10.0,20.0,0.8498,0.2295,22.95,China,470000
101,0.02,10.0,20.0,0.8498,0.2295,22.95,China,470000
101,0.05,10.0,70.0,4.9712,0.7357,73.57,China,470000
102,0.005,140.0,130.0,0.4296,0.0969,9.69,United Kingdom,450000
102,0.01,140.0,120.0,0.877,0.235,23.5,United Kingdom,450000
102,0.02,140.0,90.0,1.9482,0.7172,71.72,United Kingdom,450000
102,0.05,140.0,60.0,2.9761,0.9203,92.03,United Kingdom,450000
103,0.005,140.0,130.0,0.2465,0.0762,7.62,China,410000
103,0.01,140.0,130.0,0.2465,0.0762,7.62,China,410000
103,0.02,140.0,130.0,0.2465,0.0762,7.62,China,410000
103,0.05,140.0,50.0,3.8894,0.8245,82.45,China,410000
104,0.005,70.0,60.0,0.024,0.1507,15.07,China,400000
104,0.01,70.0,60.0,0.024,0.1507,15.07,China,400000
104,0.02,70.0,60.0,0.024,0.1507,15.07,China,400000
104,0.05,70.0,60.0,0.024,0.1507,15.07,China,400000
105,0.005,140.0,130.0,0.2353,0.0762,7.62,China,400000
105,0.01,140.0,130.0,0.2353,0.0762,7.62,China,400000
105,0.02,140.0,130.0,0.2353,0.0762,7.62,China,400000
105,0.05,140.0,60.0,4.4047,0.851,85.1,China,400000
106,0.005,170.0,20.0,0.3309,0.4462,44.62,China,390000
106,0.01,170.0,30.0,0.6827,0.6012,60.12,China,390000
106,0.02,170.0,60.0,1.28,0.8387,83.87,China,390000
106,0.05,170.0,60.0,1.28,0.8387,83.87,China,390000
107,0.005,30.0,30.0,0.0,0.0,0.0,Vietnam,390000
107,0.01,30.0,30.0,0.0,0.0,0.0,Vietnam,390000
107,0.02,30.0,30.0,0.0,0.0,0.0,Vietnam,390000
107,0.05,30.0,40.0,2.3967,0.3168,31.68,Vietnam,390000
108,0.005,170.0,10.0,0.2699,0.2813,28.13,China,380000
108,0.01,170.0,20.0,0.909,0.4462,44.62,China,380000
108,0.02,170.0,30.0,1.9684,0.6012,60.12,China,380000
108,0.05,170.0,60.0,2.7575,0.8387,83.87,China,380000
109,0.005,30.0,60.0,0.4049,0.5954,59.54,China,380000
109,0.01,30.0,60.0,0.4049,0.5954,59.54,China,380000
109,0.02,30.0,60.0,0.4049,0.5954,59.54,China,380000
109,0.05,30.0,60.0,0.4049,0.5954,59.54,China,380000
110,0.005,50.0,60.0,0.0995,0.1507,15.07,China,380000
110,0.01,50.0,60.0,0.0995,0.1507,15.07,China,380000
110,0.02,50.0,60.0,0.0995,0.1507,15.07,China,380000
110,0.05,50.0,60.0,0.0995,0.1507,15.07,China,380000
111,0.005,150.0,150.0,0.0,0.0,0.0,China,360000
111,0.01,150.0,120.0,0.8703,0.2137,21.37,China,360000
111,0.02,150.0,40.0,1.5056,0.7548,75.48,China,360000
111,0.05,150.0,40.0,1.5056,0.7548,75.48,China,360000
112,0.005,10.0,20.0,0.0543,0.2295,22.95,Vietnam,360000
112,0.01,10.0,20.0,0.0543,0.2295,22.95,Vietnam,360000
112,0.02,10.0,30.0,1.8378,0.4451,44.51,Vietnam,360000
112,0.05,10.0,30.0,1.8378,0.4451,44.51,Vietnam,360000
113,0.005,160.0,130.0,0.1309,0.3172,31.72,Netherlands,360000
113,0.01,160.0,110.0,0.8155,0.6105,61.05,Netherlands,360000
113,0.02,160.0,70.0,1.8883,0.8258,82.58,Netherlands,360000
113,0.05,160.0,80.0,2.2069,0.8446,84.46,Netherlands,360000
114,0.005,70.0,60.0,0.0712,0.1507,15.07,China,350000
114,0.01,70.0,60.0,0.0712,0.1507,15.07,China,350000
114,0.02,70.0,60.0,0.0712,0.1507,15.07,China,350000
114,0.05,70.0,60.0,0.0712,0.1507,15.07,China,350000
115,0.005,170.0,170.0,0.0,0.0,0.0,Vietnam,350000
115,0.01,170.0,0.0,0.9061,0.1263,12.63,Vietnam,350000
115,0.02,170.0,0.0,0.9061,0.1263,12.63,Vietnam,350000
115,0.05,170.0,40.0,4.3285,0.7276,72.76,Vietnam,350000
116,0.005,30.0,40.0,0.0661,0.2507,25.07,United Kingdom,350000
116,0.01,30.0,40.0,0.0661,0.2507,25.07,United Kingdom,350000
116,0.02,30.0,40.0,0.0661,0.2507,25.07,United Kingdom,350000
116,0.05,30.0,40.0,0.0661,0.2507,25.07,United Kingdom,350000
117,0.005,10.0,40.0,0.3957,0.6443,64.43,United States of America,330000
117,0.01,10.0,40.0,0.3957,0.6443,64.43,United States of America,330000
117,0.02,10.0,40.0,0.3957,0.6443,64.43,United States of America,330000
117,0.05,10.0,40.0,0.3957,0.6443,64.43,United States of America,330000
118,0.005,0.0,30.0,0.314,0.5436,54.36,China,320000
118,0.01,0.0,40.0,0.8182,0.6882,68.82,China,320000
118,0.02,0.0,60.0,1.5581,0.8153,81.53,China,320000
118,0.05,0.0,60.0,1.5581,0.8153,81.53,China,320000
119,0.005,40.0,40.0,0.0,0.0,0.0,China,320000
119,0.01,40.0,50.0,0.8155,0.3027,30.27,China,320000
119,0.02,40.0,50.0,0.8155,0.3027,30.27,China,320000
119,0.05,40.0,60.0,2.8644,0.4078,40.78,China,320000
120,0.005,10.0,20.0,0.1193,0.2295,22.95,China,320000
120,0.01,10.0,30.0,0.7533,0.4451,44.51,China,320000
120,0.02,10.0,30.0,0.7533,0.4451,44.51,China,320000
120,0.05,10.0,50.0,4.5459,0.7357,73.57,China,320000
121,0.005,90.0,80.0,0.266,0.1763,17.63,Germany,300000
121,0.01,90.0,80.0,0.266,0.1763,17.63,Germany,300000
121,0.02,90.0,80.0,0.266,0.1763,17.63,Germany,300000
121,0.05,90.0,80.0,0.266,0.1763,17.63,Germany,300000
122,0.005,70.0,50.0,0.4907,0.7389,73.89,United Kingdom,300000
122,0.01,70.0,40.0,0.9832,0.9415,94.15,United Kingdom,300000
122,0.02,70.0,30.0,1.3703,0.9953,99.53,United Kingdom,300000
122,0.05,70.0,30.0,1.3703,0.9953,99.53,United Kingdom,300000
123,0.005,130.0,120.0,0.1694,0.0511,5.11,United Kingdom,300000
123,0.01,130.0,110.0,0.6211,0.1471,14.71,United Kingdom,300000
123,0.02,130.0,50.0,1.8734,0.8473,84.73,United Kingdom,300000
123,0.05,130.0,50.0,1.8734,0.8473,84.73,United Kingdom,300000
124,0.005,40.0,50.0,0.0203,0.3027,30.27,China,290000
124,0.01,40.0,50.0,0.0203,0.3027,30.27,China,290000
124,0.02,40.0,60.0,1.1661,0.4078,40.78,China,290000
124,0.05,40.0,60.0,1.1661,0.4078,40.78,China,290000
125,0.005,140.0,60.0,0.4127,0.851,85.1,China,280000
125,0.01,140.0,60.0,0.4127,0.851,85.1,China,280000
125,0.02,140.0,60.0,0.4127,0.851,85.1,China,280000
125,0.05,140.0,60.0,0.4127,0.851,85.1,China,280000
126,0.005,140.0,140.0,0.0,0.0,0.0,Vietnam,280000
126,0.01,140.0,30.0,0.5819,0.6316,63.16,Vietnam,280000
126,0.02,140.0,40.0,1.3173,0.7483,74.83,Vietnam,280000
126,0.05,140.0,40.0,1.3173,0.7483,74.83,Vietnam,280000
127,0.005,110.0,90.0,0.4944,0.4479,44.79,Sweden,270000
127,0.01,110.0,80.0,0.8483,0.6506,65.06,Sweden,270000
127,0.02,110.0,50.0,1.79,0.9058,90.58,Sweden,270000
127,0.05,110.0,50.0,1.79,0.9058,90.58,Sweden,270000
128,0.005,170.0,10.0,0.448,0.4067,40.67,United Kingdom,270000
128,0.01,170.0,20.0,0.8021,0.5856,58.56,United Kingdom,270000
128,0.02,170.0,20.0,0.8021,0.5856,58.56,United Kingdom,270000
128,0.05,170.0,40.0,3.897,0.7889,78.89,United Kingdom,270000
129,0.005,40.0,80.0,0.0507,0.6838,68.38,United Kingdom,270000
129,0.01,40.0,80.0,0.0507,0.6838,68.38,United Kingdom,270000
129,0.02,40.0,80.0,0.0507,0.6838,68.38,United Kingdom,270000
129,0.05,40.0,80.0,0.0507,0.6838,68.38,United Kingdom,270000
130,0.005,20.0,20.0,0.0,0.0,0.0,Vietnam,260000
130,0.01,20.0,30.0,0.8904,0.2799,27.99,Vietnam,260000
130,0.02,20.0,30.0,0.8904,0.2799,27.99,Vietnam,260000
130,0.05,20.0,30.0,0.8904,0.2799,27.99,Vietnam,260000
131,0.005,40.0,40.0,0.0,0.0,0.0,China,250000
131,0.01,40.0,50.0,0.6436,0.3027,30.27,China,250000
131,0.02,40.0,60.0,1.5478,0.4078,40.78,China,250000
131,0.05,40.0,60.0,1.5478,0.4078,40.78,China,250000
132,0.005,30.0,40.0,0.0779,0.3168,31.68,China,240000
132,0.01,30.0,50.0,0.7134,0.5236,52.36,China,240000
132,0.02,30.0,60.0,1.427,0.5954,59.54,China,240000
132,0.05,30.0,60.0,1.427,0.5954,59.54,China,240000
133,0.005,10.0,20.0,0.1838,0.2295,22.95,Vietnam,240000
133,0.01,10.0,20.0,0.1838,0.2295,22.95,Vietnam,240000
133,0.02,10.0,20.0,0.1838,0.2295,22.95,Vietnam,240000
133,0.05,10.0,30.0,3.6345,0.4451,44.51,Vietnam,240000
134,0.005,90.0,80.0,0.2581,0.1763,17.63,Netherlands,240000
134,0.01,90.0,80.0,0.2581,0.1763,17.63,Netherlands,240000
134,0.02,90.0,80.0,0.2581,0.1763,17.63,Netherlands,240000
134,0.05,90.0,80.0,0.2581,0.1763,17.63,Netherlands,240000
135,0.005,160.0,10.0,0.4269,0.4967,49.67,Japan,230000
135,0.01,160.0,10.0,0.4269,0.4967,49.67,Japan,230000
135,0.02,160.0,20.0,1.2703,0.6485,64.85,Japan,230000
135,0.05,160.0,40.0,3.7296,0.821,82.1,Japan,230000
136,0.005,20.0,30.0,0.3394,0.2693,26.93,Denmark,210000
136,0.01,20.0,30.0,0.3394,0.2693,26.93,Denmark,210000
136,0.02,20.0,40.0,1.2338,0.5204,52.04,Denmark,210000
136,0.05,20.0,70.0,3.4139,0.894,89.4,Denmark,210000
137,0.005,50.0,50.0,0.0,0.0,0.0,Germany,210000
137,0.01,50.0,50.0,0.0,0.0,0.0,Germany,210000
137,0.02,50.0,50.0,0.0,0.0,0.0,Germany,210000
137,0.05,50.0,50.0,0.0,0.0,0.0,Germany,210000
138,0.005,100.0,40.0,0.2529,0.7889,78.89,United States of America,200000
138,0.01,100.0,40.0,0.2529,0.7889,78.89,United States of America,200000
138,0.02,100.0,40.0,0.2529,0.7889,78.89,United States of America,200000
138,0.05,100.0,40.0,0.2529,0.7889,78.89,United States of America,200000
139,0.005,0.0,20.0,0.4804,0.4798,47.98,South Korea,200000
139,0.01,0.0,20.0,0.4804,0.4798,47.98,South Korea,200000
139,0.02,0.0,40.0,1.8853,0.7351,73.51,South Korea,200000
139,0.05,0.0,40.0,1.8853,0.7351,73.51,South Korea,200000
140,0.005,10.0,20.0,0.1534,0.2032,20.32,Denmark,200000
140,0.01,10.0,30.0,0.8161,0.4177,41.77,Denmark,200000
140,0.02,10.0,40.0,1.5539,0.6178,61.78,Denmark,200000
140,0.05,10.0,70.0,2.8783,0.9155,91.55,Denmark,200000
141,0.005,150.0,160.0,0.1883,0.0258,2.58,Vietnam,180000
141,0.01,150.0,160.0,0.1883,0.0258,2.58,Vietnam,180000
141,0.02,150.0,170.0,1.1728,0.1,10.0,Vietnam,180000
141,0.05,150.0,0.0,2.9522,0.2137,21.37,Vietnam,180000
142,0.005,170.0,140.0,0.1446,0.194,19.4,Germany,180000
142,0.01,170.0,130.0,0.6393,0.3298,32.98,Germany,180000
142,0.02,170.0,80.0,1.6054,0.8475,84.75,Germany,180000
142,0.05,170.0,80.0,1.6054,0.8475,84.75,Germany,180000
143,0.005,20.0,40.0,0.4453,0.508,50.8,Vietnam,160000
143,0.01,20.0,40.0,0.4453,0.508,50.8,Vietnam,160000
143,0.02,20.0,50.0,1.4835,0.6569,65.69,Vietnam,160000
143,0.05,20.0,60.0,3.8779,0.7086,70.86,Vietnam,160000
144,0.005,30.0,40.0,0.2133,0.2507,25.07,Sweden,160000
144,0.01,30.0,40.0,0.2133,0.2507,25.07,Sweden,160000
144,0.02,30.0,40.0,0.2133,0.2507,25.07,Sweden,160000
144,0.05,30.0,40.0,0.2133,0.2507,25.07,Sweden,160000
145,0.005,10.0,20.0,0.1983,0.3015,30.15,Japan,140000
145,0.01,10.0,40.0,0.6507,0.6443,64.43,Japan,140000
145,0.02,10.0,40.0,0.6507,0.6443,64.43,Japan,140000
145,0.05,10.0,40.0,0.6507,0.6443,64.43,Japan,140000
146,0.005,100.0,40.0,0.4191,0.7889,78.89,United States of America,120000
146,0.01,100.0,40.0,0.4191,0.7889,78.89,United States of America,120000
146,0.02,100.0,40.0,0.4191,0.7889,78.89,United States of America,120000
146,0.05,100.0,40.0,0.4191,0.7889,78.89,United States of America,120000
147,0.005,30.0,40.0,0.1394,0.3168,31.68,China,120000
147,0.01,30.0,50.0,0.9601,0.5236,52.36,China,120000
147,0.02,30.0,50.0,0.9601,0.5236,52.36,China,120000
147,0.05,30.0,60.0,2.6863,0.5954,59.54,China,120000
148,0.005,70.0,50.0,0.4012,0.4907,49.07,Finland,110000
148,0.01,70.0,50.0,0.4012,0.4907,49.07,Finland,110000
148,0.02,70.0,50.0,0.4012,0.4907,49.07,Finland,110000
148,0.05,70.0,50.0,0.4012,0.4907,49.07,Finland,110000
149,0.005,0.0,10.0,0.1271,0.2381,23.81,Sweden,110000
149,0.01,0.0,10.0,0.1271,0.2381,23.81,Sweden,110000
149,0.02,0.0,20.0,1.1264,0.4732,47.32,Sweden,110000
149,0.05,0.0,30.0,2.7684,0.6771,67.71,Sweden,110000
150,0.005,120.0,100.0,0.4608,0.2376,23.76,United Kingdom,110000
150,0.01,120.0,90.0,0.8919,0.3926,39.26,United Kingdom,110000
150,0.02,120.0,50.0,1.8227,0.8391,83.91,United Kingdom,110000
150,0.05,120.0,50.0,1.8227,0.8391,83.91,United Kingdom,110000
151,0.005,0.0,30.0,0.3222,0.6464,64.64,South Korea,100000
151,0.01,0.0,40.0,0.5111,0.7351,73.51,South Korea,100000
151,0.02,0.0,40.0,0.5111,0.7351,73.51,South Korea,100000
151,0.05,0.0,40.0,0.5111,0.7351,73.51,South Korea,100000
152,0.005,0.0,10.0,0.053,0.1433,14.33,Denmark,100000
152,0.01,0.0,20.0,0.6819,0.3173,31.73,Denmark,100000
152,0.02,0.0,30.0,1.9063,0.5012,50.12,Denmark,100000
152,0.05,0.0,70.0,4.9491,0.9276,92.76,Denmark,100000
153,0.005,20.0,20.0,0.0,0.0,0.0,Denmark,100000
153,0.01,20.0,30.0,0.6811,0.2809,28.09,Denmark,100000
153,0.02,20.0,30.0,0.6811,0.2809,28.09,Denmark,100000
153,0.05,20.0,50.0,4.098,0.7389,73.89,Denmark,100000
154,0.005,20.0,30.0,0.462,0.3066,30.66,Denmark,100000
154,0.01,20.0,30.0,0.462,0.3066,30.66,Denmark,100000
154,0.02,20.0,40.0,1.8471,0.5738,57.38,Denmark,100000
154,0.05,20.0,50.0,3.7178,0.7693,76.93,Denmark,100000
155,0.005,90.0,90.0,0.0,0.0,0.0,Italy,90000
155,0.01,90.0,90.0,0.0,0.0,0.0,Italy,90000
155,0.02,90.0,80.0,1.9135,0.2553,25.53,Italy,90000
155,0.05,90.0,80.0,1.9135,0.2553,25.53,Italy,90000
156,0.005,100.0,40.0,0.1912,0.7889,78.89,United States of America,80000
156,0.01,100.0,40.0,0.1912,0.7889,78.89,United States of America,80000
156,0.02,100.0,40.0,0.1912,0.7889,78.89,United States of America,80000
156,0.05,100.0,40.0,0.1912,0.7889,78.89,United States of America,80000
157,0.005,100.0,80.0,0.4878,0.6568,65.68,Denmark,70000
157,0.01,100.0,70.0,0.9623,0.812,81.2,Denmark,70000
157,0.02,100.0,60.0,1.5777,0.8217,82.17,Denmark,70000
157,0.05,100.0,60.0,1.5777,0.8217,82.17,Denmark,70000
158,0.005,60.0,50.0,0.1803,0.2507,25.07,Ireland,70000
158,0.01,60.0,50.0,0.1803,0.2507,25.07,Ireland,70000
158,0.02,60.0,50.0,0.1803,0.2507,25.07,Ireland,70000
158,0.05,60.0,50.0,0.1803,0.2507,25.07,Ireland,70000
159,0.005,20.0,30.0,0.4498,0.2799,27.99,Vietnam,70000
159,0.01,20.0,30.0,0.4498,0.2799,27.99,Vietnam,70000
159,0.02,20.0,30.0,0.4498,0.2799,27.99,Vietnam,70000
159,0.05,20.0,40.0,2.6067,0.508,50.8,Vietnam,70000
160,0.005,60.0,50.0,0.122,0.2507,25.07,United States of America,50000
160,0.01,60.0,50.0,0.122,0.2507,25.07,United States of America,50000
160,0.02,60.0,50.0,0.122,0.2507,25.07,United States of America,50000
160,0.05,60.0,50.0,0.122,0.2507,25.07,United States of America,50000
161,0.005,70.0,50.0,0.0903,0.4907,49.07,United Kingdom,50000
161,0.01,70.0,50.0,0.0903,0.4907,49.07,United Kingdom,50000
161,0.02,70.0,50.0,0.0903,0.4907,49.07,United Kingdom,50000
161,0.05,70.0,50.0,0.0903,0.4907,49.07,United Kingdom,50000
162,0.005,50.0,50.0,0.0,0.0,0.0,United Kingdom,50000
162,0.01,50.0,50.0,0.0,0.0,0.0,United Kingdom,50000
162,0.02,50.0,50.0,0.0,0.0,0.0,United Kingdom,50000
162,0.05,50.0,50.0,0.0,0.0,0.0,United Kingdom,50000
163,0.005,60.0,50.0,0.409,0.2507,25.07,Sweden,50000
163,0.01,60.0,50.0,0.409,0.2507,25.07,Sweden,50000
163,0.02,60.0,50.0,0.409,0.2507,25.07,Sweden,50000
163,0.05,60.0,50.0,0.409,0.2507,25.07,Sweden,50000
164,0.005,30.0,50.0,0.0589,0.2507,25.07,United Kingdom,50000
164,0.01,30.0,50.0,0.0589,0.2507,25.07,United Kingdom,50000
164,0.02,30.0,50.0,0.0589,0.2507,25.07,United Kingdom,50000
164,0.05,30.0,50.0,0.0589,0.2507,25.07,United Kingdom,50000
165,0.005,80.0,70.0,0.3821,0.3027,30.27,China,40000
165,0.01,80.0,70.0,0.3821,0.3027,30.27,China,40000
165,0.02,80.0,60.0,1.2795,0.4078,40.78,China,40000
165,0.05,80.0,60.0,1.2795,0.4078,40.78,China,40000
166,0.005,90.0,80.0,0.3356,0.2553,25.53,Japan,40000
166,0.01,90.0,80.0,0.3356,0.2553,25.53,Japan,40000
166,0.02,90.0,50.0,1.0461,0.7351,73.51,Japan,40000
166,0.05,90.0,50.0,1.0461,0.7351,73.51,Japan,40000
167,0.005,0.0,20.0,0.2687,0.4867,48.67,France,30000
167,0.01,0.0,30.0,0.769,0.6889,68.89,France,30000
167,0.02,0.0,40.0,1.7621,0.8295,82.95,France,30000
167,0.05,0.0,50.0,3.0646,0.8916,89.16,France,30000
168,0.005,10.0,90.0,0.4407,0.4451,44.51,China,30000
168,0.01,10.0,80.0,0.8263,0.6209,62.09,China,30000
168,0.02,10.0,70.0,1.9207,0.7357,73.57,China,30000
168,0.05,10.0,60.0,3.0241,0.7755,77.55,China,30000
169,0.005,100.0,40.0,0.3776,0.508,50.8,China,30000
169,0.01,100.0,50.0,0.9486,0.6569,65.69,China,30000
169,0.02,100.0,60.0,1.6579,0.7086,70.86,China,30000
169,0.05,100.0,60.0,1.6579,0.7086,70.86,China,30000
170,0.005,10.0,30.0,0.4129,0.5252,52.52,Portugal,30000
170,0.01,10.0,40.0,0.5687,0.6443,64.43,Portugal,30000
170,0.02,10.0,40.0,0.5687,0.6443,64.43,Portugal,30000
170,0.05,10.0,40.0,0.5687,0.6443,64.43,Portugal,30000
