farm_id,budget,theta_econ,theta_eco,aep_cost_pct,risk_reduction,country,capacity_kW,group
0,0.005,0.0,30.0,0.4584,0.5436,China,9280000,East Asia
0,0.01,0.0,40.0,0.6892,0.6882,China,9280000,East Asia
0,0.02,0.0,60.0,1.4438,0.8153,China,9280000,East Asia
0,0.05,0.0,60.0,1.4438,0.8153,China,9280000,East Asia
1,0.005,0.0,40.0,0.3674,0.6882,China,5890000,East Asia
1,0.01,0.0,50.0,0.6937,0.7826,China,5890000,East Asia
1,0.02,0.0,60.0,1.2343,0.8153,China,5890000,East Asia
1,0.05,0.0,60.0,1.2343,0.8153,China,5890000,East Asia
2,0.005,20.0,50.0,0.1543,0.9008,Belgium,5720000,Europe (direction data)
2,0.01,20.0,50.0,0.1543,0.9008,Belgium,5720000,Europe (direction data)
2,0.02,20.0,50.0,0.1543,0.9008,Belgium,5720000,Europe (direction data)
2,0.05,20.0,50.0,0.1543,0.9008,Belgium,5720000,Europe (direction data)
3,0.005,10.0,30.0,0.3935,0.4451,China,4430000,East Asia
3,0.01,10.0,40.0,0.8539,0.6209,China,4430000,East Asia
3,0.02,10.0,50.0,1.5423,0.7357,China,4430000,East Asia
3,0.05,10.0,60.0,2.632,0.7755,China,4430000,East Asia
4,0.005,40.0,50.0,0.215,0.3028,China,3640000,East Asia
4,0.01,40.0,50.0,0.215,0.3028,China,3640000,East Asia
4,0.02,40.0,60.0,1.1869,0.4078,China,3640000,East Asia
4,0.05,40.0,60.0,1.1869,0.4078,China,3640000,East Asia
5,0.005,150.0,50.0,0.1757,0.9747,United Kingdom,3390000,Europe (direction data)
5,0.01,150.0,50.0,0.1757,0.9747,United Kingdom,3390000,Europe (direction data)
5,0.02,150.0,50.0,0.1757,0.9747,United Kingdom,3390000,Europe (direction data)
5,0.05,150.0,50.0,0.1757,0.9747,United Kingdom,3390000,Europe (direction data)
6,0.005,170.0,0.0,0.2257,0.1263,China,2930000,East Asia
6,0.01,170.0,10.0,0.8112,0.2813,China,2930000,East Asia
6,0.02,170.0,20.0,1.8964,0.4462,China,2930000,East Asia
6,0.05,170.0,40.0,4.3902,0.7276,China,2930000,East Asia
7,0.005,160.0,50.0,0.3565,0.972,Netherlands,2840000,Europe (direction data)
7,0.01,160.0,50.0,0.3565,0.972,Netherlands,2840000,Europe (direction data)
7,0.02,160.0,50.0,0.3565,0.972,Netherlands,2840000,Europe (direction data)
7,0.05,160.0,50.0,0.3565,0.972,Netherlands,2840000,Europe (direction data)
8,0.005,170.0,20.0,0.495,0.4462,China,2780000,East Asia
8,0.01,170.0,30.0,0.8606,0.6012,China,2780000,East Asia
8,0.02,170.0,70.0,1.7297,0.8101,China,2780000,East Asia
8,0.05,170.0,60.0,2.6411,0.8386,China,2780000,East Asia
9,0.005,140.0,50.0,0.4872,0.9361,United Kingdom,2670000,Europe (no direction data)
9,0.01,140.0,50.0,0.4872,0.9361,United Kingdom,2670000,Europe (no direction data)
9,0.02,140.0,50.0,0.4872,0.9361,United Kingdom,2670000,Europe (no direction data)
9,0.05,140.0,50.0,0.4872,0.9361,United Kingdom,2670000,Europe (no direction data)
10,0.005,160.0,50.0,0.4033,0.9122,United Kingdom,2460000,Europe (no direction data)
10,0.01,160.0,40.0,0.6054,0.9129,United Kingdom,2460000,Europe (no direction data)
10,0.02,160.0,40.0,0.6054,0.9129,United Kingdom,2460000,Europe (no direction data)
10,0.05,160.0,40.0,0.6054,0.9129,United Kingdom,2460000,Europe (no direction data)
11,0.005,10.0,20.0,0.432,0.9907,Germany,2460000,Europe (direction data)
11,0.01,10.0,20.0,0.432,0.9907,Germany,2460000,Europe (direction data)
11,0.02,10.0,20.0,0.432,0.9907,Germany,2460000,Europe (direction data)
11,0.05,10.0,20.0,0.432,0.9907,Germany,2460000,Europe (direction data)
12,0.005,60.0,60.0,0.0,0.0,China,2440000,East Asia
12,0.01,60.0,60.0,0.0,0.0,China,2440000,East Asia
12,0.02,60.0,60.0,0.0,0.0,China,2440000,East Asia
12,0.05,60.0,60.0,0.0,0.0,China,2440000,East Asia
13,0.005,90.0,90.0,0.0,0.0,United Kingdom,2150000,Europe (no direction data)
13,0.01,90.0,60.0,0.5005,0.7986,United Kingdom,2150000,Europe (no direction data)
13,0.02,90.0,50.0,1.0697,0.8551,United Kingdom,2150000,Europe (no direction data)
13,0.05,90.0,50.0,1.0697,0.8551,United Kingdom,2150000,Europe (no direction data)
14,0.005,150.0,140.0,0.1791,0.0258,China,1890000,East Asia
14,0.01,150.0,170.0,0.7158,0.1001,China,1890000,East Asia
14,0.02,150.0,50.0,1.5596,0.8291,China,1890000,East Asia
14,0.05,150.0,60.0,2.0019,0.8548,China,1890000,East Asia
15,0.005,90.0,50.0,0.0563,0.9463,Netherlands,1820000,Europe (direction data)
15,0.01,90.0,50.0,0.0563,0.9463,Netherlands,1820000,Europe (direction data)
15,0.02,90.0,50.0,0.0563,0.9463,Netherlands,1820000,Europe (direction data)
15,0.05,90.0,50.0,0.0563,0.9463,Netherlands,1820000,Europe (direction data)
16,0.005,0.0,50.0,0.1294,0.9574,Netherlands,1780000,Europe (direction data)
16,0.01,0.0,50.0,0.1294,0.9574,Netherlands,1780000,Europe (direction data)
16,0.02,0.0,50.0,0.1294,0.9574,Netherlands,1780000,Europe (direction data)
16,0.05,0.0,50.0,0.1294,0.9574,Netherlands,1780000,Europe (direction data)
17,0.005,20.0,50.0,0.3786,0.9008,United Kingdom,1750000,Europe (direction data)
17,0.01,20.0,50.0,0.3786,0.9008,United Kingdom,1750000,Europe (direction data)
17,0.02,20.0,50.0,0.3786,0.9008,United Kingdom,1750000,Europe (direction data)
17,0.05,20.0,50.0,0.3786,0.9008,United Kingdom,1750000,Europe (direction data)
18,0.005,90.0,50.0,0.1658,0.9463,Germany,1740000,Europe (direction data)
18,0.01,90.0,50.0,0.1658,0.9463,Germany,1740000,Europe (direction data)
18,0.02,90.0,50.0,0.1658,0.9463,Germany,1740000,Europe (direction data)
18,0.05,90.0,50.0,0.1658,0.9463,Germany,1740000,Europe (direction data)
19,0.005,20.0,50.0,0.3347,0.657,China,1710000,East Asia
19,0.01,20.0,60.0,0.9597,0.7086,China,1710000,East Asia
19,0.02,20.0,60.0,0.9597,0.7086,China,1710000,East Asia
19,0.05,20.0,60.0,0.9597,0.7086,China,1710000,East Asia
20,0.005,10.0,50.0,0.3801,0.9394,Netherlands,1670000,Europe (direction data)
20,0.01,10.0,50.0,0.3801,0.9394,Netherlands,1670000,Europe (direction data)
20,0.02,10.0,50.0,0.3801,0.9394,Netherlands,1670000,Europe (direction data)
20,0.05,10.0,50.0,0.3801,0.9394,Netherlands,1670000,Europe (direction data)
21,0.005,120.0,110.0,0.3048,0.1774,China,1620000,East Asia
21,0.01,120.0,110.0,0.3048,0.1774,China,1620000,East Asia
21,0.02,120.0,100.0,1.903,0.3662,China,1620000,East Asia
21,0.05,120.0,100.0,1.903,0.3662,China,1620000,East Asia
22,0.005,140.0,160.0,0.321,0.1255,Germany,1610000,Europe (no direction data)
22,0.01,140.0,170.0,0.8602,0.2549,Germany,1610000,Europe (no direction data)
22,0.02,140.0,50.0,1.7588,0.9294,Germany,1610000,Europe (no direction data)
22,0.05,140.0,50.0,1.7588,0.9294,Germany,1610000,Europe (no direction data)
23,0.005,160.0,50.0,0.2823,0.972,Netherlands,1580000,Europe (direction data)
23,0.01,160.0,50.0,0.2823,0.972,Netherlands,1580000,Europe (direction data)
23,0.02,160.0,50.0,0.2823,0.972,Netherlands,1580000,Europe (direction data)
23,0.05,160.0,50.0,0.2823,0.972,Netherlands,1580000,Europe (direction data)
24,0.005,30.0,40.0,0.3693,0.3168,China,1560000,East Asia
24,0.01,30.0,40.0,0.3693,0.3168,China,1560000,East Asia
24,0.02,30.0,60.0,1.391,0.5954,China,1560000,East Asia
24,0.05,30.0,60.0,1.391,0.5954,China,1560000,East Asia
25,0.005,60.0,50.0,0.062,0.3616,Sweden,1520000,Europe (no direction data)
25,0.01,60.0,50.0,0.062,0.3616,Sweden,1520000,Europe (no direction data)
25,0.02,60.0,50.0,0.062,0.3616,Sweden,1520000,Europe (no direction data)
25,0.05,60.0,50.0,0.062,0.3616,Sweden,1520000,Europe (no direction data)
26,0.005,70.0,50.0,0.2086,0.8435,United Kingdom,1400000,Europe (direction data)
26,0.01,70.0,50.0,0.2086,0.8435,United Kingdom,1400000,Europe (direction data)
26,0.02,70.0,50.0,0.2086,0.8435,United Kingdom,1400000,Europe (direction data)
26,0.05,70.0,50.0,0.2086,0.8435,United Kingdom,1400000,Europe (direction data)
27,0.005,20.0,50.0,0.2769,0.9008,Denmark,1380000,Europe (direction data)
27,0.01,20.0,50.0,0.2769,0.9008,Denmark,1380000,Europe (direction data)
27,0.02,20.0,50.0,0.2769,0.9008,Denmark,1380000,Europe (direction data)
27,0.05,20.0,50.0,0.2769,0.9008,Denmark,1380000,Europe (direction data)
28,0.005,50.0,60.0,0.2096,0.1505,China,1340000,East Asia
28,0.01,50.0,60.0,0.2096,0.1505,China,1340000,East Asia
28,0.02,50.0,60.0,0.2096,0.1505,China,1340000,East Asia
28,0.05,50.0,60.0,0.2096,0.1505,China,1340000,East Asia
29,0.005,0.0,40.0,0.3542,0.845,Sweden,1310000,Europe (no direction data)
29,0.01,0.0,50.0,0.5233,0.861,Sweden,1310000,Europe (no direction data)
29,0.02,0.0,50.0,0.5233,0.861,Sweden,1310000,Europe (no direction data)
29,0.05,0.0,50.0,0.5233,0.861,Sweden,1310000,Europe (no direction data)
30,0.005,70.0,50.0,0.0156,0.8435,United Kingdom,1290000,Europe (direction data)
30,0.01,70.0,50.0,0.0156,0.8435,United Kingdom,1290000,Europe (direction data)
30,0.02,70.0,50.0,0.0156,0.8435,United Kingdom,1290000,Europe (direction data)
30,0.05,70.0,50.0,0.0156,0.8435,United Kingdom,1290000,Europe (direction data)
31,0.005,30.0,50.0,0.0802,0.7996,Netherlands,1290000,Europe (direction data)
31,0.01,30.0,50.0,0.0802,0.7996,Netherlands,1290000,Europe (direction data)
31,0.02,30.0,50.0,0.0802,0.7996,Netherlands,1290000,Europe (direction data)
31,0.05,30.0,50.0,0.0802,0.7996,Netherlands,1290000,Europe (direction data)
32,0.005,10.0,20.0,0.0534,0.2295,China,1280000,East Asia
32,0.01,10.0,30.0,0.9913,0.4451,China,1280000,East Asia
32,0.02,10.0,30.0,0.9913,0.4451,China,1280000,East Asia
32,0.05,10.0,40.0,3.1562,0.6209,China,1280000,East Asia
33,0.005,10.0,40.0,0.1534,0.6209,China,1280000,East Asia
33,0.01,10.0,50.0,0.6736,0.7357,China,1280000,East Asia
33,0.02,10.0,60.0,1.3372,0.7755,China,1280000,East Asia
33,0.05,10.0,60.0,1.3372,0.7755,China,1280000,East Asia
34,0.005,140.0,140.0,0.0,0.0,China,1250000,East Asia
34,0.01,140.0,60.0,0.6185,0.8509,China,1250000,East Asia
34,0.02,140.0,60.0,0.6185,0.8509,China,1250000,East Asia
34,0.05,140.0,60.0,0.6185,0.8509,China,1250000,East Asia
35,0.005,170.0,170.0,0.0,0.0,China,1200000,East Asia
35,0.01,170.0,0.0,0.5514,0.1263,China,1200000,East Asia
35,0.02,170.0,70.0,1.5734,0.8101,China,1200000,East Asia
35,0.05,170.0,60.0,2.3923,0.8386,China,1200000,East Asia
36,0.005,90.0,70.0,0.3885,0.5866,United Kingdom,1170000,Europe (direction data)
36,0.01,90.0,60.0,0.8608,0.7767,United Kingdom,1170000,Europe (direction data)
36,0.02,90.0,50.0,1.4363,0.8643,United Kingdom,1170000,Europe (direction data)
36,0.05,90.0,50.0,1.4363,0.8643,United Kingdom,1170000,Europe (direction data)
37,0.005,90.0,70.0,0.1494,0.5237,China,1160000,East Asia
37,0.01,90.0,60.0,0.6491,0.5954,China,1160000,East Asia
37,0.02,90.0,60.0,0.6491,0.5954,China,1160000,East Asia
37,0.05,90.0,60.0,0.6491,0.5954,China,1160000,East Asia
38,0.005,40.0,50.0,0.1751,0.3028,China,1150000,East Asia
38,0.01,40.0,60.0,0.7984,0.4078,China,1150000,East Asia
38,0.02,40.0,60.0,0.7984,0.4078,China,1150000,East Asia
38,0.05,40.0,60.0,0.7984,0.4078,China,1150000,East Asia
39,0.005,130.0,60.0,0.2187,0.7962,Taiwan,1140000,East Asia
39,0.01,130.0,60.0,0.2187,0.7962,Taiwan,1140000,East Asia
39,0.02,130.0,50.0,1.0402,0.8473,Taiwan,1140000,East Asia
39,0.05,130.0,50.0,1.0402,0.8473,Taiwan,1140000,East Asia
40,0.005,0.0,40.0,0.485,0.8637,United Kingdom,1140000,Europe (no direction data)
40,0.01,0.0,40.0,0.485,0.8637,United Kingdom,1140000,Europe (no direction data)
40,0.02,0.0,40.0,0.485,0.8637,United Kingdom,1140000,Europe (no direction data)
40,0.05,0.0,40.0,0.485,0.8637,United Kingdom,1140000,Europe (no direction data)
41,0.005,90.0,80.0,0.1726,0.3168,China,1130000,East Asia
41,0.01,90.0,80.0,0.1726,0.3168,China,1130000,East Asia
41,0.02,90.0,70.0,1.155,0.5237,China,1130000,East Asia
41,0.05,90.0,60.0,2.6415,0.5954,China,1130000,East Asia
42,0.005,20.0,30.0,0.1213,0.3203,Taiwan,1110000,East Asia
42,0.01,20.0,30.0,0.1213,0.3203,Taiwan,1110000,East Asia
42,0.02,20.0,40.0,1.3936,0.4908,Taiwan,1110000,East Asia
42,0.05,20.0,40.0,1.3936,0.4908,Taiwan,1110000,East Asia
43,0.005,10.0,40.0,0.3792,0.7798,Denmark,1110000,Europe (no direction data)
43,0.01,10.0,50.0,0.6995,0.863,Denmark,1110000,Europe (no direction data)
43,0.02,10.0,50.0,0.6995,0.863,Denmark,1110000,Europe (no direction data)
43,0.05,10.0,50.0,0.6995,0.863,Denmark,1110000,Europe (no direction data)
44,0.005,0.0,20.0,0.2356,0.3662,China,1080000,East Asia
44,0.01,0.0,60.0,0.787,0.8153,China,1080000,East Asia
44,0.02,0.0,60.0,0.787,0.8153,China,1080000,East Asia
44,0.05,0.0,60.0,0.787,0.8153,China,1080000,East Asia
45,0.005,0.0,10.0,0.3816,0.1774,China,1060000,East Asia
45,0.01,0.0,20.0,0.9876,0.3662,China,1060000,East Asia
45,0.02,0.0,30.0,1.514,0.5436,China,1060000,East Asia
45,0.05,0.0,60.0,4.272,0.8153,China,1060000,East Asia
46,0.005,100.0,90.0,0.3666,0.2799,China,1050000,East Asia
46,0.01,100.0,90.0,0.3666,0.2799,China,1050000,East Asia
46,0.02,100.0,90.0,0.3666,0.2799,China,1050000,East Asia
46,0.05,100.0,60.0,4.3701,0.7086,China,1050000,East Asia
47,0.005,70.0,60.0,0.1342,0.1505,China,1040000,East Asia
47,0.01,70.0,60.0,0.1342,0.1505,China,1040000,East Asia
47,0.02,70.0,60.0,0.1342,0.1505,China,1040000,East Asia
47,0.05,70.0,60.0,0.1342,0.1505,China,1040000,East Asia
48,0.005,60.0,50.0,0.1976,0.6125,United Kingdom,1020000,Europe (direction data)
48,0.01,60.0,50.0,0.1976,0.6125,United Kingdom,1020000,Europe (direction data)
48,0.02,60.0,50.0,0.1976,0.6125,United Kingdom,1020000,Europe (direction data)
48,0.05,60.0,50.0,0.1976,0.6125,United Kingdom,1020000,Europe (direction data)
49,0.005,160.0,20.0,0.1876,0.7176,France,1010000,Europe (direction data)
49,0.01,160.0,20.0,0.1876,0.7176,France,1010000,Europe (direction data)
49,0.02,160.0,50.0,1.9635,0.972,France,1010000,Europe (direction data)
49,0.05,160.0,50.0,1.9635,0.972,France,1010000,Europe (direction data)
50,0.005,0.0,20.0,0.3867,0.3662,China,1000000,East Asia
50,0.01,0.0,40.0,0.9649,0.6882,China,1000000,East Asia
50,0.02,0.0,50.0,1.3973,0.7826,China,1000000,East Asia
50,0.05,0.0,60.0,2.2716,0.8153,China,1000000,East Asia
51,0.005,0.0,50.0,0.3499,0.9574,United Kingdom,920000,Europe (direction data)
51,0.01,0.0,50.0,0.3499,0.9574,United Kingdom,920000,Europe (direction data)
51,0.02,0.0,50.0,0.3499,0.9574,United Kingdom,920000,Europe (direction data)
51,0.05,0.0,50.0,0.3499,0.9574,United Kingdom,920000,Europe (direction data)
52,0.005,0.0,0.0,0.0,0.0,China,900000,East Asia
52,0.01,0.0,10.0,0.6067,0.1774,China,900000,East Asia
52,0.02,0.0,20.0,1.7439,0.3662,China,900000,East Asia
52,0.05,0.0,60.0,4.9038,0.8153,China,900000,East Asia
53,0.005,20.0,50.0,0.2753,0.9008,United Kingdom,900000,Europe (direction data)
53,0.01,20.0,50.0,0.2753,0.9008,United Kingdom,900000,Europe (direction data)
53,0.02,20.0,50.0,0.2753,0.9008,United Kingdom,900000,Europe (direction data)
53,0.05,20.0,50.0,0.2753,0.9008,United Kingdom,900000,Europe (direction data)
54,0.005,130.0,40.0,0.163,0.9544,Netherlands,890000,Europe (direction data)
54,0.01,130.0,50.0,0.6092,0.9752,Netherlands,890000,Europe (direction data)
54,0.02,130.0,50.0,0.6092,0.9752,Netherlands,890000,Europe (direction data)
54,0.05,130.0,50.0,0.6092,0.9752,Netherlands,890000,Europe (direction data)
55,0.005,10.0,40.0,0.4432,0.8886,United Kingdom,880000,Europe (direction data)
55,0.01,10.0,50.0,0.6657,0.9394,United Kingdom,880000,Europe (direction data)
55,0.02,10.0,50.0,0.6657,0.9394,United Kingdom,880000,Europe (direction data)
55,0.05,10.0,50.0,0.6657,0.9394,United Kingdom,880000,Europe (direction data)
56,0.005,110.0,100.0,0.275,0.2295,Vietnam,830000,East Asia
56,0.01,110.0,70.0,0.9698,0.7357,Vietnam,830000,East Asia
56,0.02,110.0,70.0,0.9698,0.7357,Vietnam,830000,East Asia
56,0.05,110.0,60.0,2.0282,0.7755,Vietnam,830000,East Asia
57,0.005,40.0,40.0,0.0,0.0,Vietnam,820000,East Asia
57,0.01,40.0,40.0,0.0,0.0,Vietnam,820000,East Asia
57,0.02,40.0,40.0,0.0,0.0,Vietnam,820000,East Asia
57,0.05,40.0,50.0,2.4907,0.3028,Vietnam,820000,East Asia
58,0.005,140.0,80.0,0.2978,0.795,France,810000,Europe (no direction data)
58,0.01,140.0,60.0,0.9473,0.9342,France,810000,Europe (no direction data)
58,0.02,140.0,60.0,0.9473,0.9342,France,810000,Europe (no direction data)
58,0.05,140.0,60.0,0.9473,0.9342,France,810000,Europe (no direction data)
59,0.005,90.0,10.0,0.3878,0.1149,Denmark,800000,Europe (direction data)
59,0.01,90.0,50.0,0.9227,0.9463,Denmark,800000,Europe (direction data)
59,0.02,90.0,50.0,0.9227,0.9463,Denmark,800000,Europe (direction data)
59,0.05,90.0,50.0,0.9227,0.9463,Denmark,800000,Europe (direction data)
60,0.005,0.0,20.0,0.2813,0.5702,Denmark,800000,Europe (direction data)
60,0.01,0.0,50.0,0.8527,0.9574,Denmark,800000,Europe (direction data)
60,0.02,0.0,50.0,0.8527,0.9574,Denmark,800000,Europe (direction data)
60,0.05,0.0,50.0,0.8527,0.9574,Denmark,800000,Europe (direction data)
61,0.005,0.0,30.0,0.4449,0.7872,Denmark,800000,Europe (direction data)
61,0.01,0.0,50.0,0.8102,0.9574,Denmark,800000,Europe (direction data)
61,0.02,0.0,50.0,0.8102,0.9574,Denmark,800000,Europe (direction data)
61,0.05,0.0,50.0,0.8102,0.9574,Denmark,800000,Europe (direction data)
62,0.005,30.0,40.0,0.1448,0.2508,Taiwan,790000,East Asia
62,0.01,30.0,40.0,0.1448,0.2508,Taiwan,790000,East Asia
62,0.02,30.0,40.0,0.1448,0.2508,Taiwan,790000,East Asia
62,0.05,30.0,40.0,0.1448,0.2508,Taiwan,790000,East Asia
63,0.005,30.0,40.0,0.3059,0.3168,China,750000,East Asia
63,0.01,30.0,60.0,0.6641,0.5954,China,750000,East Asia
63,0.02,30.0,60.0,0.6641,0.5954,China,750000,East Asia
63,0.05,30.0,60.0,0.6641,0.5954,China,750000,East Asia
64,0.005,0.0,0.0,0.0,0.0,Vietnam,750000,East Asia
64,0.01,0.0,0.0,0.0,0.0,Vietnam,750000,East Asia
64,0.02,0.0,10.0,1.3956,0.1774,Vietnam,750000,East Asia
64,0.05,0.0,20.0,3.7696,0.3662,Vietnam,750000,East Asia
65,0.005,150.0,0.0,0.3984,0.4063,Netherlands,750000,Europe (direction data)
65,0.01,150.0,50.0,0.9948,0.9747,Netherlands,750000,Europe (direction data)
65,0.02,150.0,50.0,0.9948,0.9747,Netherlands,750000,Europe (direction data)
65,0.05,150.0,50.0,0.9948,0.9747,Netherlands,750000,Europe (direction data)
66,0.005,100.0,100.0,0.0,0.0,China,740000,East Asia
66,0.01,100.0,90.0,0.703,0.2799,China,740000,East Asia
66,0.02,100.0,90.0,0.703,0.2799,China,740000,East Asia
66,0.05,100.0,70.0,4.9202,0.657,China,740000,East Asia
67,0.005,100.0,100.0,0.0,0.0,United Kingdom,730000,Europe (direction data)
67,0.01,100.0,40.0,0.586,0.8957,United Kingdom,730000,Europe (direction data)
67,0.02,100.0,40.0,0.586,0.8957,United Kingdom,730000,Europe (direction data)
67,0.05,100.0,40.0,0.586,0.8957,United Kingdom,730000,Europe (direction data)
68,0.005,0.0,20.0,0.3854,0.5702,Denmark,720000,Europe (direction data)
68,0.01,0.0,50.0,0.7428,0.9574,Denmark,720000,Europe (direction data)
68,0.02,0.0,50.0,0.7428,0.9574,Denmark,720000,Europe (direction data)
68,0.05,0.0,50.0,0.7428,0.9574,Denmark,720000,Europe (direction data)
69,0.005,80.0,50.0,0.1701,0.8014,France,710000,Europe (direction data)
69,0.01,80.0,50.0,0.1701,0.8014,France,710000,Europe (direction data)
69,0.02,80.0,50.0,0.1701,0.8014,France,710000,Europe (direction data)
69,0.05,80.0,50.0,0.1701,0.8014,France,710000,Europe (direction data)
70,0.005,10.0,30.0,0.0745,0.4451,China,700000,East Asia
70,0.01,10.0,40.0,0.6444,0.6209,China,700000,East Asia
70,0.02,10.0,50.0,1.3806,0.7357,China,700000,East Asia
70,0.05,10.0,60.0,2.0344,0.7755,China,700000,East Asia
71,0.005,60.0,50.0,0.4649,0.2508,Taiwan,690000,East Asia
71,0.01,60.0,50.0,0.4649,0.2508,Taiwan,690000,East Asia
71,0.02,60.0,50.0,0.4649,0.2508,Taiwan,690000,East Asia
71,0.05,60.0,50.0,0.4649,0.2508,Taiwan,690000,East Asia
72,0.005,10.0,10.0,0.0,0.0,China,680000,East Asia
72,0.01,10.0,20.0,0.6018,0.2295,China,680000,East Asia
72,0.02,10.0,80.0,1.8732,0.6209,China,680000,East Asia
72,0.05,10.0,60.0,3.6748,0.7755,China,680000,East Asia
73,0.005,20.0,40.0,0.4822,0.8178,United Kingdom,670000,Europe (direction data)
73,0.01,20.0,50.0,0.6524,0.9008,United Kingdom,670000,Europe (direction data)
73,0.02,20.0,50.0,0.6524,0.9008,United Kingdom,670000,Europe (direction data)
73,0.05,20.0,50.0,0.6524,0.9008,United Kingdom,670000,Europe (direction data)
74,0.005,170.0,0.0,0.1763,0.1263,China,620000,East Asia
74,0.01,170.0,10.0,0.5584,0.2813,China,620000,East Asia
74,0.02,170.0,20.0,1.234,0.4462,China,620000,East Asia
74,0.05,170.0,40.0,4.3761,0.7276,China,620000,East Asia
75,0.005,140.0,50.0,0.2075,0.931,France,620000,Europe (no direction data)
75,0.01,140.0,50.0,0.2075,0.931,France,620000,Europe (no direction data)
75,0.02,140.0,50.0,0.2075,0.931,France,620000,Europe (no direction data)
75,0.05,140.0,50.0,0.2075,0.931,France,620000,Europe (no direction data)
76,0.005,170.0,10.0,0.4632,0.2813,China,610000,East Asia
76,0.01,170.0,70.0,0.9204,0.8101,China,610000,East Asia
76,0.02,170.0,60.0,1.3389,0.8386,China,610000,East Asia
76,0.05,170.0,60.0,1.3389,0.8386,China,610000,East Asia
77,0.005,160.0,170.0,0.4961,0.0762,China,610000,East Asia
77,0.01,160.0,170.0,0.4961,0.0762,China,610000,East Asia
77,0.02,160.0,10.0,1.9924,0.3361,China,610000,East Asia
77,0.05,160.0,80.0,4.942,0.7483,China,610000,East Asia
78,0.005,150.0,140.0,0.2318,0.0258,China,600000,East Asia
78,0.01,150.0,140.0,0.2318,0.0258,China,600000,East Asia
78,0.02,150.0,60.0,1.4675,0.8548,China,600000,East Asia
78,0.05,150.0,60.0,1.4675,0.8548,China,600000,East Asia
79,0.005,130.0,30.0,0.3759,0.6012,China,600000,East Asia
79,0.01,130.0,40.0,0.5357,0.7276,China,600000,East Asia
79,0.02,130.0,50.0,1.3651,0.8101,China,600000,East Asia
79,0.05,130.0,60.0,2.0574,0.8386,China,600000,East Asia
80,0.005,90.0,50.0,0.283,0.8551,United Kingdom,600000,Europe (no direction data)
80,0.01,90.0,50.0,0.283,0.8551,United Kingdom,600000,Europe (no direction data)
80,0.02,90.0,50.0,0.283,0.8551,United Kingdom,600000,Europe (no direction data)
80,0.05,90.0,50.0,0.283,0.8551,United Kingdom,600000,Europe (no direction data)
81,0.005,20.0,30.0,0.4442,0.2799,China,590000,East Asia
81,0.01,20.0,30.0,0.4442,0.2799,China,590000,East Asia
81,0.02,20.0,40.0,1.3324,0.508,China,590000,East Asia
81,0.05,20.0,60.0,3.7816,0.7086,China,590000,East Asia
82,0.005,10.0,40.0,0.3309,0.6209,China,580000,East Asia
82,0.01,10.0,50.0,0.7999,0.7357,China,580000,East Asia
82,0.02,10.0,60.0,1.547,0.7755,China,580000,East Asia
82,0.05,10.0,60.0,1.547,0.7755,China,580000,East Asia
83,0.005,120.0,30.0,0.172,0.7967,United Kingdom,580000,Europe (no direction data)
83,0.01,120.0,40.0,0.7012,0.892,United Kingdom,580000,Europe (no direction data)
83,0.02,120.0,50.0,1.3863,0.9277,United Kingdom,580000,Europe (no direction data)
83,0.05,120.0,50.0,1.3863,0.9277,United Kingdom,580000,Europe (no direction data)
84,0.005,110.0,70.0,0.4539,0.7792,United Kingdom,570000,Europe (no direction data)
84,0.01,110.0,50.0,0.9032,0.9156,United Kingdom,570000,Europe (no direction data)
84,0.02,110.0,50.0,0.9032,0.9156,United Kingdom,570000,Europe (no direction data)
84,0.05,110.0,50.0,0.9032,0.9156,United Kingdom,570000,Europe (no direction data)
85,0.005,130.0,130.0,0.0,0.0,China,560000,East Asia
85,0.01,130.0,120.0,0.8435,0.1263,China,560000,East Asia
85,0.02,130.0,50.0,1.41,0.8101,China,560000,East Asia
85,0.05,130.0,60.0,3.0268,0.8386,China,560000,East Asia
86,0.005,20.0,30.0,0.119,0.2799,Vietnam,560000,East Asia
86,0.01,20.0,30.0,0.119,0.2799,Vietnam,560000,East Asia
86,0.02,20.0,40.0,1.273,0.508,Vietnam,560000,East Asia
86,0.05,20.0,50.0,3.5822,0.657,Vietnam,560000,East Asia
87,0.005,100.0,50.0,0.0808,0.9609,United Kingdom,560000,Europe (direction data)
87,0.01,100.0,50.0,0.0808,0.9609,United Kingdom,560000,Europe (direction data)
87,0.02,100.0,50.0,0.0808,0.9609,United Kingdom,560000,Europe (direction data)
87,0.05,100.0,50.0,0.0808,0.9609,United Kingdom,560000,Europe (direction data)
88,0.005,30.0,40.0,0.2572,0.3168,China,550000,East Asia
88,0.01,30.0,60.0,0.8589,0.5954,China,550000,East Asia
88,0.02,30.0,60.0,0.8589,0.5954,China,550000,East Asia
88,0.05,30.0,60.0,0.8589,0.5954,China,550000,East Asia
89,0.005,130.0,120.0,0.2595,0.1263,China,550000,East Asia
89,0.01,130.0,100.0,0.6786,0.4462,China,550000,East Asia
89,0.02,130.0,60.0,1.7339,0.8386,China,550000,East Asia
89,0.05,130.0,60.0,1.7339,0.8386,China,550000,East Asia
90,0.005,130.0,130.0,0.0,0.0,China,550000,East Asia
90,0.01,130.0,130.0,0.0,0.0,China,550000,East Asia
90,0.02,130.0,50.0,1.1396,0.8101,China,550000,East Asia
90,0.05,130.0,60.0,2.9985,0.8386,China,550000,East Asia
91,0.005,140.0,140.0,0.0,0.0,China,550000,East Asia
91,0.01,140.0,130.0,0.8719,0.0762,China,550000,East Asia
91,0.02,140.0,60.0,1.1195,0.8509,China,550000,East Asia
91,0.05,140.0,60.0,1.1195,0.8509,China,550000,East Asia
92,0.005,140.0,130.0,0.3386,0.0762,China,540000,East Asia
92,0.01,140.0,130.0,0.3386,0.0762,China,540000,East Asia
92,0.02,140.0,120.0,1.0577,0.1929,China,540000,East Asia
92,0.05,140.0,100.0,3.909,0.4884,China,540000,East Asia
93,0.005,40.0,50.0,0.1522,0.3308,United Kingdom,510000,Europe (no direction data)
93,0.01,40.0,50.0,0.1522,0.3308,United Kingdom,510000,Europe (no direction data)
93,0.02,40.0,50.0,0.1522,0.3308,United Kingdom,510000,Europe (no direction data)
93,0.05,40.0,50.0,0.1522,0.3308,United Kingdom,510000,Europe (no direction data)
94,0.005,0.0,20.0,0.3271,0.3662,China,500000,East Asia
94,0.01,0.0,30.0,0.5181,0.5436,China,500000,East Asia
94,0.02,0.0,40.0,1.1482,0.6882,China,500000,East Asia
94,0.05,0.0,60.0,3.0118,0.8153,China,500000,East Asia
95,0.005,150.0,50.0,0.1041,0.9176,Sweden,500000,Europe (no direction data)
95,0.01,150.0,50.0,0.1041,0.9176,Sweden,500000,Europe (no direction data)
95,0.02,150.0,50.0,0.1041,0.9176,Sweden,500000,Europe (no direction data)
95,0.05,150.0,50.0,0.1041,0.9176,Sweden,500000,Europe (no direction data)
96,0.005,60.0,50.0,0.1883,0.6125,United Kingdom,500000,Europe (direction data)
96,0.01,60.0,50.0,0.1883,0.6125,United Kingdom,500000,Europe (direction data)
96,0.02,60.0,50.0,0.1883,0.6125,United Kingdom,500000,Europe (direction data)
96,0.05,60.0,50.0,0.1883,0.6125,United Kingdom,500000,Europe (direction data)
97,0.005,30.0,40.0,0.1628,0.3168,China,490000,East Asia
97,0.01,30.0,40.0,0.1628,0.3168,China,490000,East Asia
97,0.02,30.0,40.0,0.1628,0.3168,China,490000,East Asia
97,0.05,30.0,60.0,4.9371,0.5954,China,490000,East Asia
98,0.005,0.0,60.0,0.404,0.8153,China,480000,East Asia
98,0.01,0.0,60.0,0.404,0.8153,China,480000,East Asia
98,0.02,0.0,60.0,0.404,0.8153,China,480000,East Asia
98,0.05,0.0,60.0,0.404,0.8153,China,480000,East Asia
99,0.005,50.0,50.0,0.0,0.0,Sweden,480000,Europe (no direction data)
99,0.01,50.0,50.0,0.0,0.0,Sweden,480000,Europe (no direction data)
99,0.02,50.0,50.0,0.0,0.0,Sweden,480000,Europe (no direction data)
99,0.05,50.0,50.0,0.0,0.0,Sweden,480000,Europe (no direction data)
100,0.005,30.0,50.0,0.377,0.7996,Netherlands,480000,Europe (direction data)
100,0.01,30.0,50.0,0.377,0.7996,Netherlands,480000,Europe (direction data)
100,0.02,30.0,50.0,0.377,0.7996,Netherlands,480000,Europe (direction data)
100,0.05,30.0,50.0,0.377,0.7996,Netherlands,480000,Europe (direction data)
101,0.005,10.0,10.0,0.0,0.0,China,470000,East Asia
101,0.01,10.0,20.0,0.8498,0.2295,China,470000,East Asia
101,0.02,10.0,20.0,0.8498,0.2295,China,470000,East Asia
101,0.05,10.0,70.0,4.9712,0.7357,China,470000,East Asia
102,0.005,140.0,150.0,0.1019,0.0385,United Kingdom,450000,Europe (direction data)
102,0.01,140.0,170.0,0.9469,0.2668,United Kingdom,450000,Europe (direction data)
102,0.02,140.0,10.0,1.8262,0.5986,United Kingdom,450000,Europe (direction data)
102,0.05,140.0,50.0,3.2946,0.9757,United Kingdom,450000,Europe (direction data)
103,0.005,140.0,130.0,0.2465,0.0762,China,410000,East Asia
103,0.01,140.0,130.0,0.2465,0.0762,China,410000,East Asia
103,0.02,140.0,130.0,0.2465,0.0762,China,410000,East Asia
103,0.05,140.0,50.0,3.8894,0.8245,China,410000,East Asia
104,0.005,70.0,60.0,0.024,0.1505,China,400000,East Asia
104,0.01,70.0,60.0,0.024,0.1505,China,400000,East Asia
104,0.02,70.0,60.0,0.024,0.1505,China,400000,East Asia
104,0.05,70.0,60.0,0.024,0.1505,China,400000,East Asia
105,0.005,140.0,130.0,0.2353,0.0762,China,400000,East Asia
105,0.01,140.0,130.0,0.2353,0.0762,China,400000,East Asia
105,0.02,140.0,130.0,0.2353,0.0762,China,400000,East Asia
105,0.05,140.0,60.0,4.4047,0.8509,China,400000,East Asia
106,0.005,170.0,20.0,0.3309,0.4462,China,390000,East Asia
106,0.01,170.0,30.0,0.6827,0.6012,China,390000,East Asia
106,0.02,170.0,60.0,1.28,0.8386,China,390000,East Asia
106,0.05,170.0,60.0,1.28,0.8386,China,390000,East Asia
107,0.005,30.0,30.0,0.0,0.0,Vietnam,390000,East Asia
107,0.01,30.0,30.0,0.0,0.0,Vietnam,390000,East Asia
107,0.02,30.0,30.0,0.0,0.0,Vietnam,390000,East Asia
107,0.05,30.0,40.0,2.3967,0.3168,Vietnam,390000,East Asia
108,0.005,170.0,10.0,0.2699,0.2813,China,380000,East Asia
108,0.01,170.0,20.0,0.909,0.4462,China,380000,East Asia
108,0.02,170.0,30.0,1.9684,0.6012,China,380000,East Asia
108,0.05,170.0,60.0,2.7575,0.8386,China,380000,East Asia
109,0.005,30.0,60.0,0.4049,0.5954,China,380000,East Asia
109,0.01,30.0,60.0,0.4049,0.5954,China,380000,East Asia
109,0.02,30.0,60.0,0.4049,0.5954,China,380000,East Asia
109,0.05,30.0,60.0,0.4049,0.5954,China,380000,East Asia
110,0.005,50.0,60.0,0.0995,0.1505,China,380000,East Asia
110,0.01,50.0,60.0,0.0995,0.1505,China,380000,East Asia
110,0.02,50.0,60.0,0.0995,0.1505,China,380000,East Asia
110,0.05,50.0,60.0,0.0995,0.1505,China,380000,East Asia
111,0.005,150.0,150.0,0.0,0.0,China,360000,East Asia
111,0.01,150.0,120.0,0.8703,0.2137,China,360000,East Asia
111,0.02,150.0,40.0,1.5056,0.7548,China,360000,East Asia
111,0.05,150.0,40.0,1.5056,0.7548,China,360000,East Asia
112,0.005,10.0,20.0,0.0543,0.2295,Vietnam,360000,East Asia
112,0.01,10.0,20.0,0.0543,0.2295,Vietnam,360000,East Asia
112,0.02,10.0,30.0,1.8378,0.4451,Vietnam,360000,East Asia
112,0.05,10.0,30.0,1.8378,0.4451,Vietnam,360000,East Asia
113,0.005,160.0,20.0,0.4569,0.7176,Netherlands,360000,Europe (direction data)
113,0.01,160.0,40.0,0.5322,0.9485,Netherlands,360000,Europe (direction data)
113,0.02,160.0,50.0,1.1484,0.972,Netherlands,360000,Europe (direction data)
113,0.05,160.0,50.0,1.1484,0.972,Netherlands,360000,Europe (direction data)
114,0.005,70.0,60.0,0.0712,0.1505,China,350000,East Asia
114,0.01,70.0,60.0,0.0712,0.1505,China,350000,East Asia
114,0.02,70.0,60.0,0.0712,0.1505,China,350000,East Asia
114,0.05,70.0,60.0,0.0712,0.1505,China,350000,East Asia
115,0.005,170.0,170.0,0.0,0.0,Vietnam,350000,East Asia
115,0.01,170.0,0.0,0.9061,0.1263,Vietnam,350000,East Asia
115,0.02,170.0,0.0,0.9061,0.1263,Vietnam,350000,East Asia
115,0.05,170.0,40.0,4.3285,0.7276,Vietnam,350000,East Asia
116,0.005,30.0,40.0,0.0661,0.4317,United Kingdom,350000,Europe (direction data)
116,0.01,30.0,40.0,0.0661,0.4317,United Kingdom,350000,Europe (direction data)
116,0.02,30.0,40.0,0.0661,0.4317,United Kingdom,350000,Europe (direction data)
116,0.05,30.0,40.0,0.0661,0.4317,United Kingdom,350000,Europe (direction data)
117,0.005,10.0,40.0,0.3957,0.6443,United States of America,330000,Americas
117,0.01,10.0,40.0,0.3957,0.6443,United States of America,330000,Americas
117,0.02,10.0,40.0,0.3957,0.6443,United States of America,330000,Americas
117,0.05,10.0,40.0,0.3957,0.6443,United States of America,330000,Americas
118,0.005,0.0,30.0,0.314,0.5436,China,320000,East Asia
118,0.01,0.0,40.0,0.8182,0.6882,China,320000,East Asia
118,0.02,0.0,60.0,1.5581,0.8153,China,320000,East Asia
118,0.05,0.0,60.0,1.5581,0.8153,China,320000,East Asia
119,0.005,40.0,40.0,0.0,0.0,China,320000,East Asia
119,0.01,40.0,50.0,0.8155,0.3028,China,320000,East Asia
119,0.02,40.0,50.0,0.8155,0.3028,China,320000,East Asia
119,0.05,40.0,60.0,2.8644,0.4078,China,320000,East Asia
120,0.005,10.0,20.0,0.1193,0.2295,China,320000,East Asia
120,0.01,10.0,30.0,0.7533,0.4451,China,320000,East Asia
120,0.02,10.0,30.0,0.7533,0.4451,China,320000,East Asia
120,0.05,10.0,50.0,4.5459,0.7357,China,320000,East Asia
121,0.005,90.0,70.0,0.3306,0.6572,Germany,300000,Europe (direction data)
121,0.01,90.0,60.0,0.5682,0.8615,Germany,300000,Europe (direction data)
121,0.02,90.0,50.0,1.1928,0.9463,Germany,300000,Europe (direction data)
121,0.05,90.0,50.0,1.1928,0.9463,Germany,300000,Europe (direction data)
122,0.005,70.0,50.0,0.4907,0.8435,United Kingdom,300000,Europe (direction data)
122,0.01,70.0,50.0,0.4907,0.8435,United Kingdom,300000,Europe (direction data)
122,0.02,70.0,50.0,0.4907,0.8435,United Kingdom,300000,Europe (direction data)
122,0.05,70.0,50.0,0.4907,0.8435,United Kingdom,300000,Europe (direction data)
123,0.005,130.0,120.0,0.1694,0.087,United Kingdom,300000,Europe (no direction data)
123,0.01,130.0,110.0,0.6211,0.2177,United Kingdom,300000,Europe (no direction data)
123,0.02,130.0,50.0,1.8734,0.934,United Kingdom,300000,Europe (no direction data)
123,0.05,130.0,50.0,1.8734,0.934,United Kingdom,300000,Europe (no direction data)
124,0.005,40.0,50.0,0.0203,0.3028,China,290000,East Asia
124,0.01,40.0,50.0,0.0203,0.3028,China,290000,East Asia
124,0.02,40.0,60.0,1.1661,0.4078,China,290000,East Asia
124,0.05,40.0,60.0,1.1661,0.4078,China,290000,East Asia
125,0.005,140.0,60.0,0.4127,0.8509,China,280000,East Asia
125,0.01,140.0,60.0,0.4127,0.8509,China,280000,East Asia
125,0.02,140.0,60.0,0.4127,0.8509,China,280000,East Asia
125,0.05,140.0,60.0,0.4127,0.8509,China,280000,East Asia
126,0.005,140.0,140.0,0.0,0.0,Vietnam,280000,East Asia
126,0.01,140.0,30.0,0.5819,0.6316,Vietnam,280000,East Asia
126,0.02,140.0,40.0,1.3173,0.7483,Vietnam,280000,East Asia
126,0.05,140.0,40.0,1.3173,0.7483,Vietnam,280000,East Asia
127,0.005,110.0,90.0,0.4944,0.3718,Sweden,270000,Europe (no direction data)
127,0.01,110.0,80.0,0.8483,0.5638,Sweden,270000,Europe (no direction data)
127,0.02,110.0,50.0,1.79,0.9039,Sweden,270000,Europe (no direction data)
127,0.05,110.0,50.0,1.79,0.9039,Sweden,270000,Europe (no direction data)
128,0.005,170.0,10.0,0.448,0.4624,United Kingdom,270000,Europe (no direction data)
128,0.01,170.0,20.0,0.8021,0.6653,United Kingdom,270000,Europe (no direction data)
128,0.02,170.0,20.0,0.8021,0.6653,United Kingdom,270000,Europe (no direction data)
128,0.05,170.0,40.0,3.897,0.8952,United Kingdom,270000,Europe (no direction data)
129,0.005,40.0,50.0,0.0177,0.4556,United Kingdom,270000,Europe (direction data)
129,0.01,40.0,50.0,0.0177,0.4556,United Kingdom,270000,Europe (direction data)
129,0.02,40.0,50.0,0.0177,0.4556,United Kingdom,270000,Europe (direction data)
129,0.05,40.0,50.0,0.0177,0.4556,United Kingdom,270000,Europe (direction data)
130,0.005,20.0,20.0,0.0,0.0,Vietnam,260000,East Asia
130,0.01,20.0,30.0,0.8904,0.2799,Vietnam,260000,East Asia
130,0.02,20.0,30.0,0.8904,0.2799,Vietnam,260000,East Asia
130,0.05,20.0,30.0,0.8904,0.2799,Vietnam,260000,East Asia
131,0.005,40.0,40.0,0.0,0.0,China,250000,East Asia
131,0.01,40.0,50.0,0.6436,0.3028,China,250000,East Asia
131,0.02,40.0,60.0,1.5478,0.4078,China,250000,East Asia
131,0.05,40.0,60.0,1.5478,0.4078,China,250000,East Asia
132,0.005,30.0,40.0,0.0779,0.3168,China,240000,East Asia
132,0.01,30.0,50.0,0.7134,0.5237,China,240000,East Asia
132,0.02,30.0,60.0,1.427,0.5954,China,240000,East Asia
132,0.05,30.0,60.0,1.427,0.5954,China,240000,East Asia
133,0.005,10.0,20.0,0.1838,0.2295,Vietnam,240000,East Asia
133,0.01,10.0,20.0,0.1838,0.2295,Vietnam,240000,East Asia
133,0.02,10.0,20.0,0.1838,0.2295,Vietnam,240000,East Asia
133,0.05,10.0,30.0,3.6345,0.4451,Vietnam,240000,East Asia
134,0.005,90.0,80.0,0.2581,0.358,Netherlands,240000,Europe (direction data)
134,0.01,90.0,70.0,0.5273,0.6572,Netherlands,240000,Europe (direction data)
134,0.02,90.0,60.0,1.3417,0.8615,Netherlands,240000,Europe (direction data)
134,0.05,90.0,50.0,2.0434,0.9463,Netherlands,240000,Europe (direction data)
135,0.005,160.0,10.0,0.4269,0.4968,Japan,230000,East Asia
135,0.01,160.0,10.0,0.4269,0.4968,Japan,230000,East Asia
135,0.02,160.0,20.0,1.2703,0.6484,Japan,230000,East Asia
135,0.05,160.0,40.0,3.7296,0.821,Japan,230000,East Asia
136,0.005,20.0,30.0,0.3394,0.3955,Denmark,210000,Europe (no direction data)
136,0.01,20.0,30.0,0.3394,0.3955,Denmark,210000,Europe (no direction data)
136,0.02,20.0,40.0,1.2338,0.6755,Denmark,210000,Europe (no direction data)
136,0.05,20.0,50.0,2.2046,0.806,Denmark,210000,Europe (no direction data)
137,0.005,50.0,50.0,0.0,0.0,Germany,210000,Europe (no direction data)
137,0.01,50.0,50.0,0.0,0.0,Germany,210000,Europe (no direction data)
137,0.02,50.0,50.0,0.0,0.0,Germany,210000,Europe (no direction data)
137,0.05,50.0,50.0,0.0,0.0,Germany,210000,Europe (no direction data)
138,0.005,100.0,40.0,0.2529,0.789,United States of America,200000,Americas
138,0.01,100.0,40.0,0.2529,0.789,United States of America,200000,Americas
138,0.02,100.0,40.0,0.2529,0.789,United States of America,200000,Americas
138,0.05,100.0,40.0,0.2529,0.789,United States of America,200000,Americas
139,0.005,0.0,20.0,0.4804,0.4797,South Korea,200000,East Asia
139,0.01,0.0,20.0,0.4804,0.4797,South Korea,200000,East Asia
139,0.02,0.0,40.0,1.8853,0.7351,South Korea,200000,East Asia
139,0.05,0.0,40.0,1.8853,0.7351,South Korea,200000,East Asia
140,0.005,10.0,20.0,0.1534,0.3888,Denmark,200000,Europe (direction data)
140,0.01,10.0,30.0,0.8161,0.6974,Denmark,200000,Europe (direction data)
140,0.02,10.0,40.0,1.5539,0.8886,Denmark,200000,Europe (direction data)
140,0.05,10.0,50.0,2.4788,0.9394,Denmark,200000,Europe (direction data)
141,0.005,150.0,160.0,0.1883,0.0258,Vietnam,180000,East Asia
141,0.01,150.0,160.0,0.1883,0.0258,Vietnam,180000,East Asia
141,0.02,150.0,170.0,1.1728,0.1001,Vietnam,180000,East Asia
141,0.05,150.0,0.0,2.9522,0.2137,Vietnam,180000,East Asia
142,0.005,170.0,0.0,0.2259,0.5158,Germany,180000,Europe (direction data)
142,0.01,170.0,10.0,0.7775,0.8627,Germany,180000,Europe (direction data)
142,0.02,170.0,20.0,1.2294,0.9987,Germany,180000,Europe (direction data)
142,0.05,170.0,20.0,1.2294,0.9987,Germany,180000,Europe (direction data)
143,0.005,20.0,40.0,0.4453,0.508,Vietnam,160000,East Asia
143,0.01,20.0,40.0,0.4453,0.508,Vietnam,160000,East Asia
143,0.02,20.0,50.0,1.4835,0.657,Vietnam,160000,East Asia
143,0.05,20.0,60.0,3.8779,0.7086,Vietnam,160000,East Asia
144,0.005,30.0,40.0,0.2133,0.2947,Sweden,160000,Europe (no direction data)
144,0.01,30.0,40.0,0.2133,0.2947,Sweden,160000,Europe (no direction data)
144,0.02,30.0,40.0,0.2133,0.2947,Sweden,160000,Europe (no direction data)
144,0.05,30.0,40.0,0.2133,0.2947,Sweden,160000,Europe (no direction data)
145,0.005,10.0,20.0,0.1983,0.3013,Japan,140000,East Asia
145,0.01,10.0,40.0,0.6507,0.6443,Japan,140000,East Asia
145,0.02,10.0,40.0,0.6507,0.6443,Japan,140000,East Asia
145,0.05,10.0,40.0,0.6507,0.6443,Japan,140000,East Asia
146,0.005,100.0,40.0,0.4191,0.789,United States of America,120000,Americas
146,0.01,100.0,40.0,0.4191,0.789,United States of America,120000,Americas
146,0.02,100.0,40.0,0.4191,0.789,United States of America,120000,Americas
146,0.05,100.0,40.0,0.4191,0.789,United States of America,120000,Americas
147,0.005,30.0,40.0,0.1394,0.3168,China,120000,East Asia
147,0.01,30.0,50.0,0.9601,0.5237,China,120000,East Asia
147,0.02,30.0,50.0,0.9601,0.5237,China,120000,East Asia
147,0.05,30.0,60.0,2.6863,0.5954,China,120000,East Asia
148,0.005,70.0,50.0,0.4012,0.6687,Finland,110000,Europe (no direction data)
148,0.01,70.0,40.0,0.8647,0.7533,Finland,110000,Europe (no direction data)
148,0.02,70.0,40.0,0.8647,0.7533,Finland,110000,Europe (no direction data)
148,0.05,70.0,40.0,0.8647,0.7533,Finland,110000,Europe (no direction data)
149,0.005,0.0,10.0,0.1271,0.2796,Sweden,110000,Europe (no direction data)
149,0.01,0.0,10.0,0.1271,0.2796,Sweden,110000,Europe (no direction data)
149,0.02,0.0,20.0,1.1264,0.5328,Sweden,110000,Europe (no direction data)
149,0.05,0.0,30.0,2.7684,0.7291,Sweden,110000,Europe (no direction data)
150,0.005,120.0,100.0,0.4608,0.2601,United Kingdom,110000,Europe (no direction data)
150,0.01,120.0,90.0,0.8919,0.4303,United Kingdom,110000,Europe (no direction data)
150,0.02,120.0,50.0,1.8227,0.9222,United Kingdom,110000,Europe (no direction data)
150,0.05,120.0,40.0,2.1745,0.9228,United Kingdom,110000,Europe (no direction data)
151,0.005,0.0,30.0,0.3222,0.6464,South Korea,100000,East Asia
151,0.01,0.0,40.0,0.5111,0.7351,South Korea,100000,East Asia
151,0.02,0.0,40.0,0.5111,0.7351,South Korea,100000,East Asia
151,0.05,0.0,40.0,0.5111,0.7351,South Korea,100000,East Asia
152,0.005,0.0,10.0,0.053,0.245,Denmark,100000,Europe (no direction data)
152,0.01,0.0,20.0,0.6819,0.4839,Denmark,100000,Europe (no direction data)
152,0.02,0.0,30.0,1.9063,0.688,Denmark,100000,Europe (no direction data)
152,0.05,0.0,50.0,4.5774,0.8999,Denmark,100000,Europe (no direction data)
153,0.005,20.0,20.0,0.0,0.0,Denmark,100000,Europe (no direction data)
153,0.01,20.0,30.0,0.6811,0.3985,Denmark,100000,Europe (no direction data)
153,0.02,20.0,30.0,0.6811,0.3985,Denmark,100000,Europe (no direction data)
153,0.05,20.0,50.0,4.098,0.7983,Denmark,100000,Europe (no direction data)
154,0.005,20.0,30.0,0.462,0.3985,Denmark,100000,Europe (no direction data)
154,0.01,20.0,30.0,0.462,0.3985,Denmark,100000,Europe (no direction data)
154,0.02,20.0,40.0,1.8471,0.6759,Denmark,100000,Europe (no direction data)
154,0.05,20.0,50.0,3.7178,0.7983,Denmark,100000,Europe (no direction data)
155,0.005,90.0,90.0,0.0,0.0,Italy,90000,Europe (no direction data)
155,0.01,90.0,90.0,0.0,0.0,Italy,90000,Europe (no direction data)
155,0.02,90.0,80.0,1.9135,0.2568,Italy,90000,Europe (no direction data)
155,0.05,90.0,80.0,1.9135,0.2568,Italy,90000,Europe (no direction data)
156,0.005,100.0,40.0,0.1912,0.789,United States of America,80000,Americas
156,0.01,100.0,40.0,0.1912,0.789,United States of America,80000,Americas
156,0.02,100.0,40.0,0.1912,0.789,United States of America,80000,Americas
156,0.05,100.0,40.0,0.1912,0.789,United States of America,80000,Americas
157,0.005,100.0,80.0,0.4878,0.5155,Denmark,70000,Europe (no direction data)
157,0.01,100.0,70.0,0.9623,0.717,Denmark,70000,Europe (no direction data)
157,0.02,100.0,60.0,1.5777,0.8466,Denmark,70000,Europe (no direction data)
157,0.05,100.0,50.0,2.2735,0.8888,Denmark,70000,Europe (no direction data)
158,0.005,60.0,60.0,0.0,0.0,Ireland,70000,Europe (no direction data)
158,0.01,60.0,60.0,0.0,0.0,Ireland,70000,Europe (no direction data)
158,0.02,60.0,60.0,0.0,0.0,Ireland,70000,Europe (no direction data)
158,0.05,60.0,60.0,0.0,0.0,Ireland,70000,Europe (no direction data)
159,0.005,20.0,30.0,0.4498,0.2799,Vietnam,70000,East Asia
159,0.01,20.0,30.0,0.4498,0.2799,Vietnam,70000,East Asia
159,0.02,20.0,30.0,0.4498,0.2799,Vietnam,70000,East Asia
159,0.05,20.0,40.0,2.6067,0.508,Vietnam,70000,East Asia
160,0.005,60.0,50.0,0.122,0.2508,United States of America,50000,Americas
160,0.01,60.0,50.0,0.122,0.2508,United States of America,50000,Americas
160,0.02,60.0,50.0,0.122,0.2508,United States of America,50000,Americas
160,0.05,60.0,50.0,0.122,0.2508,United States of America,50000,Americas
161,0.005,70.0,40.0,0.3161,0.6903,United Kingdom,50000,Europe (no direction data)
161,0.01,70.0,40.0,0.3161,0.6903,United Kingdom,50000,Europe (no direction data)
161,0.02,70.0,40.0,0.3161,0.6903,United Kingdom,50000,Europe (no direction data)
161,0.05,70.0,40.0,0.3161,0.6903,United Kingdom,50000,Europe (no direction data)
162,0.005,50.0,40.0,0.0756,0.0083,United Kingdom,50000,Europe (no direction data)
162,0.01,50.0,40.0,0.0756,0.0083,United Kingdom,50000,Europe (no direction data)
162,0.02,50.0,40.0,0.0756,0.0083,United Kingdom,50000,Europe (no direction data)
162,0.05,50.0,40.0,0.0756,0.0083,United Kingdom,50000,Europe (no direction data)
163,0.005,60.0,50.0,0.409,0.4409,Sweden,50000,Europe (no direction data)
163,0.01,60.0,40.0,0.881,0.5837,Sweden,50000,Europe (no direction data)
163,0.02,60.0,40.0,0.881,0.5837,Sweden,50000,Europe (no direction data)
163,0.05,60.0,40.0,0.881,0.5837,Sweden,50000,Europe (no direction data)
164,0.005,30.0,40.0,0.1069,0.4317,United Kingdom,50000,Europe (no direction data)
164,0.01,30.0,40.0,0.1069,0.4317,United Kingdom,50000,Europe (no direction data)
164,0.02,30.0,40.0,0.1069,0.4317,United Kingdom,50000,Europe (no direction data)
164,0.05,30.0,40.0,0.1069,0.4317,United Kingdom,50000,Europe (no direction data)
165,0.005,80.0,70.0,0.3821,0.3028,China,40000,East Asia
165,0.01,80.0,70.0,0.3821,0.3028,China,40000,East Asia
165,0.02,80.0,60.0,1.2795,0.4078,China,40000,East Asia
165,0.05,80.0,60.0,1.2795,0.4078,China,40000,East Asia
166,0.005,90.0,80.0,0.3356,0.2554,Japan,40000,East Asia
166,0.01,90.0,80.0,0.3356,0.2554,Japan,40000,East Asia
166,0.02,90.0,50.0,1.0461,0.7351,Japan,40000,East Asia
166,0.05,90.0,50.0,1.0461,0.7351,Japan,40000,East Asia
167,0.005,0.0,20.0,0.2687,0.4828,France,30000,Europe (no direction data)
167,0.01,0.0,30.0,0.769,0.687,France,30000,Europe (no direction data)
167,0.02,0.0,40.0,1.7621,0.832,France,30000,Europe (no direction data)
167,0.05,0.0,50.0,3.0646,0.9006,France,30000,Europe (no direction data)
168,0.005,10.0,90.0,0.4407,0.4451,China,30000,East Asia
168,0.01,10.0,80.0,0.8263,0.6209,China,30000,East Asia
168,0.02,10.0,70.0,1.9207,0.7357,China,30000,East Asia
168,0.05,10.0,60.0,3.0241,0.7755,China,30000,East Asia
169,0.005,100.0,40.0,0.3776,0.508,China,30000,East Asia
169,0.01,100.0,50.0,0.9486,0.657,China,30000,East Asia
169,0.02,100.0,60.0,1.6579,0.7086,China,30000,East Asia
169,0.05,100.0,60.0,1.6579,0.7086,China,30000,East Asia
170,0.005,10.0,30.0,0.4129,0.5355,Portugal,30000,Europe (no direction data)
170,0.01,10.0,40.0,0.5687,0.7295,Portugal,30000,Europe (no direction data)
170,0.02,10.0,50.0,1.0577,0.8406,Portugal,30000,Europe (no direction data)
170,0.05,10.0,60.0,2.0279,0.8555,Portugal,30000,Europe (no direction data)
